3045270,"我们天天向上散发着光~~~一起哦~哦哦哦~哦哦~哦~
","冰机啊专鸭么动阳帽鸭们鸭办动
","#散发#天天向上#哦哦哦
","#专鸭#动阳#冰机#帽鸭#办动
","2
","1727.5352383146826
","298
"
3045272,"草稿选手又画草稿了
","
","#草稿#选手
","
","13
","1657.3169616869122
","1842
"
3045277,"韩国JKD GYM训练掠影
","俄俄有道州俄道学水我编一手手第书学
","#JKD#训练#GYM#韩国#掠影
","#道学#道州#手第书学
","5
","1818.874008427894
","372
"
3045278,"半夜整个活
","址九水办
","
","#九水
","9
","951.6352299726287
","134
"
3045282,"drum solo六弦不是打品 是dubstep 故意的但效果不满意。
","
","#drum#solo#打品#dubstep#效果
","
","1
","1144.5159543226462
","130
"
3045283,"分享小视频
","啊我油油动州动就折爱动上动会油动冰址动州么新油址折油州州动动上州冰上州章上动上新阳上油州油上动市污动专汁家来折动油机动油冰州动市叫前
","#分享#小视频
","#动州动#油动#冰址#污动#上油州
","15
","2563.9943182625047
","1530
"
3045285,"后期刘备靠换装和找机会绕后蹲点。换装建议不详换复活换名刀。或者换血手加上大招换名刀。后期出来血手先点血手再点大招就可以提高护盾生存了[鼓掌]这大乔韩信咬金拖兵线拖得我头秃[灵魂出窍]，本来12分钟解决活生生快半个小时
","复兴汉室无人能挡市君已糖面胜利王酒荣临胜瓶王百荣
","#换名#出窍#换装#韩信#拖得
","#无人#能挡#胜利#临胜#王酒荣
","0
","2841.557962079017
","180
"
3045286,"把星条旗的小丑整进来了 试试交响风经过一些了解 我这类只能说是交响风 不能算交响乐
","
","#交响#小丑#不能#进来#试试
","
","16
","1763.2298853989312
","1122
"
3045289,"分享小视频
","上阿啊
","#分享#小视频
","
","8
","1284.2498931329255
","172
"
3045294,"对不起，我不该和黑粉去对线。不过，我改变了一个黑粉，她不黑赞子了！！！（我觉得这个非常厉害……）我浪费了时间[大哭][大哭][大哭]黑子们，我真的除了表达我爱赞子，也没黑过你们。放过我吧。求求了。拖更，我错了，我真的认识到了，但是真的长！（不长大家打我）大家看在长，我觉得明天真的能行，跪着求大家原谅我。
","抖音号看接下来的视频之前请距离镜子远一点控制面部表情不要去模仿吉划吉吉过叶来发现更多有趣创作者
","#大家#大哭#爱赞子#不该#黑粉
","#距离#音号#接下来#模仿#过叶
","3
","1573.7367343117521
","17836
"
3045298,"晚安晚安！
","
","#晚安
","
","8
","1926.7402568977154
","5579
"
3045300,"是恒欣小可爱！求你们快去关注他他太可爱了[大哭]
","正在录制所不知道的恒欣一句你深就田杆壁维团中瘦壁超团中东中国联酒尔中国联通和开四联酒股通
","#关注#可爱#大哭#小可爱
","#杆壁#超团#四联#中东#中国
","3
","1877.6004974158473
","371
"
3045306,"下了一天一夜 现在又开始下 估计还要下一天@SIL3NCE 有一说一还是挺好看的（怎么超30秒就算投稿了. 真的睿智）
","
","#好看#就算#投稿#现在#估计
","
","24
","2757.394803785891
","216
"
3045317,"害，不是我鸽，主要是后期昨天才出第一版，今天后期再改改看能不能发吧。放个偷跑
","中国移动上午灵跳舞未知歌手酷狗音牙就是歌多幽灵音乐中国移司指素收手弓歌寻莲狗歌号香牙天迎歌丰酷村音牙修动未罚狗音江收室修证卡甜配管厅收多移面管示修司甜配河音证
","#看能#不能#后期#第一版#今天
","#管示#歌号#上午#移面#寻莲狗
","11
","2398.7751084541146
","1088
"
3045319,"现  在  可  以  公  开  的  情  报[doge]
","京部同学关注京都品京超品那话话面舒适压路分自自和们杜得种血们自日么口
","#doge
","#种血#品京#同学#京都#关注
","0
","2816.455055318594
","2491
"
3045320,"摸了一分多钟版本的
","七州国国国品国品品品品临州州州日口日州州州业州业州业州业州业业
","#版本
","#品品#日口#临州州州#日州州州业州业州业州业州业业#七州国国国品国
","28
","1537.9527870714335
","12457
"
3045322,"分享小视频
","姓旺面没有脾气收一下你的脾忌我负栅就是妒忘备基地为准备墓地要感谢席努力热焖演这一控看高手成了这场捞走冒脑面前惠好像她们换时间下次再来绝免得下不来台给两个看到没压气区气碰到底气任衣用有顾忌我原忘妒忌地为屋演一戏也愿激多睡里重买城环酒把所有钥售春记忆飘可对明待服郎抢价风头好失腔时酒送气着到庄阳健到拉牌气收忌不需要额心内演感激务力控看物捞走锁外外农馆期待灿们咬再界技膜需受餐晋路耐暴地慕地隔嘴全盟暴型香媒知走易品老时公楼外办租很地们风尖好失欧换再照送给砂店区线任面牌气租收硬顾您炉总备薯地要感动一乡围面攀投着莎科原单胡走鄂话外防权情行典再浪我家超到脚气玫需委断成就是备地麻国另力建冲场懒设里面蒙控重爱铜售记好租车我重前票外物帽对待油们头再宗送始下不来约座气香到没座气到孩没牌收伤金顾不厢要顾思含小音年四唇激戏星面掌控训把里
","#分享#小视频
","#牌气#高手#技膜#外办#星面
","3
","1780.471068954222
","789
"
3045323,"【素材】BS4K_紧急地震速报音.mp4
","大龙放送杏休止乙寸州末聚急地震速气象厅宫城果冲飞强摇机亿警戒青森岩手福岛州龙末聚急速氨象厅强摇机仁速教氨象
","#速报#素材#BS4K#地震#mp4
","#宫城#飞强#强摇#速教#果冲
","9
","2537.82115856808
","221
"
3045325,"有内鬼，终止交易.jpg
","办油日的
","#终止#交易#jpg
","#办油
","26
","3260.62704221697
","1798
"
3045328,"#彩虹六号：围攻#全场最佳－－Sledge[tv_再见]来自Reddit u/DarkenedSouls80
","房去市业州郝壶油团配
","#围攻#tv#Reddit#再见#来自
","#油团#市业#郝壶
","13
","2757.194434677293
","71792
"
3045329,"今天！海天豆芽酱酱酱～ #APINK#
","州通州说州油州油
","#豆芽#酱酱#海天#APINK#今天
","#通州
","8
","2200.2734464050127
","60010
"
3045334,"因为刚刚抓着小国的手打闹 阿珍知道他手凉了 就把暖宝宝仔仔细细塞到他手心里面
","
","#小国#手心#阿珍#打闹#知道
","
","5
","2170.6114981197693
","586
"
3045337,"经常到阿珍送玫瑰的Part 阿国都会抬头去看大屏幕笑得很甜～【https://vc.bilibili.com/mobile/detail?vc=3039912&bilifrom=1】这里也是同样的笑呢
","
","#Part#抬头#大屏幕#玫瑰#https
","
","0
","0.0
","684
"
3045338,"分享小视频
","一工卡带一面一一
","#分享#小视频
","#工卡
","12
","2287.0781249590673
","1375
"
3045342,"这回够圆○了吧！！！音乐: SnowmanURL: https://icons8.com/music/
","把好州继续游戏这二回拉吧保存并退啊位置这回够圆啦停零乌当节肢杀手顺久州不要催更还有广己共零耀雀还有机址遮心标老西周更新命令篇世的首脚名无下界台鱼剑酸
","#SnowmanURL#https#音乐#icons8#music
","#继续#节肢#保存#心标#首脚名无
","5
","612.6107640910423
","228
"
3045343,"极为先进[斜眼笑][斜眼笑]
","市谢谢您您的现已设置务现在就可以使用极为先系绣开若要关请连按三次主屏幕按话好进系级开始读正在运行若关请按钮好明由面先进若要关闭器若要国国阅读器
","#斜眼
","#关请#国国#按钮#绣开#好进
","0
","2763.6543526256983
","282
"
3045345,"3D vtuber模型测试……感觉还是有穿模的地方……不过要过几天再修了…再不去画稿子会被金主爸爸打死的………（死兔兔）
","
","#vtuber#模型#爸爸#稿子#金主
","
","1
","2189.3308745940526
","183
"
3045350,"《你丫闭嘴》当年删减片段流出[阴险]
","只能我骂你不能万配综白世克福料小心点今天主穿女装了看见没他吓唬咱们
","#闭嘴#当年#流出#阴险#删减
","#福料#女装#只能#不能#白世克
","5
","1769.9556276927508
","983
"
3045355,"#海外抗疫日记# 疫情期间，帅索Alesso与莉莉Liam Payne合作，发布单曲《Midnight》，帅索在家中完成混音，莉莉则在自家天台上完成录制，他也在几天前的One World演唱会上表演此曲。这首单曲可谓是真・神仙合作了。
","新歌推荐
","#合作#单曲#日记#完成#World
","#推荐
","0
","2455.502393171946
","145
"
3045360,"4月14号Manba Day 特别直播，录屏抽奖，奖品是一条Mamba Sport Academy 短裤，恭喜@篮球大湿 获得，请在24小时之内回复我们获取中奖事宜。
","
","#抽奖#Academy#中奖#录屏#Sport
","
","0
","0.0
","4318
"
3045370,"哪位大佬知道win10无限闪屏该怎么办，重装系统的话做好的素材就全完了[tv_大哭]。
","
","#tv#知道#做好#重装系统#win10
","
","2
","3295.3307956282574
","8350
"
3045371,"夙星6核心完成最爱夙星了！#战双帕弥什#
","意识更换贵宇振荡
","#核心#完成#夙星#双帕弥
","#更换#贵宇#意识#振荡
","3
","2832.278190470728
","124
"
3045375,"#金容仙#《SPIT IT OUT》MV Preview
","州小雨吉收西口门尼记号暴古市修居司点作是一酬人胡人香叫胡平人号三话收量记早三双型豆品声化量侣机机双豆二早鲁对马从屋型答扫记忆士已一者容创丑只合口上新妈啊制
","#SPIT#MV#IT#OUT#金容仙
","#收量#创丑#小雨#声化量侣#机机
","26
","1990.517267539237
","9640
"
3045376,"@无素质玩家@单发射手L豌鲨一XS
","转发这只螃蟹祝您身体健康万事如意
","#素质#豌鲨#玩家#单发#射手
","#祝您#身体健康#螃蟹#万事如意#转发
","7
","2156.930570198808
","548
"
3045377,"分享小视频
","店销房恶宁莎肉您事药鸡酒班上元饭南传地消有卤店它
","#分享#小视频
","#事药#消有#莎肉#鸡酒#传地
","0
","0.0
","944
"
3045379,"#韩国好声音#
","对马刻当告合合合号香早公合威日合汇陵日及合点问和尼业度合书江尼各芭世合号公巴号暑吊百动合居忌是刘舍合
","#韩国#声音
","#合合#合号#吊百动合居忌#尼业度#号暑
","22
","2095.652338954053
","10940
"
3045380,"第一次[爱心]
","抖音诗景材抖音景料第一次光明正大牵你白抖音晨村白次的小抖音抖音号
","#爱心
","#晨村#光明正大#景材#音诗#白次
","8
","1828.6738390767634
","343
"
3045381,"日漫精彩打戏 ！
","一手学学
","#精彩#打戏
","#学学
","32
","3112.0715185088957
","1912
"
3045382,"无情铁手
","
","#无情
","
","44
","5731.145926444575
","315
"
3045384,"#彩虹六号：围攻#强行延长赛[tv_流汗]来自Reddit u/Cinder91
","小市加标带小
","#围攻#Reddit#强行#来自#延长
","#加标#小市
","7
","1442.6599402692575
","73531
"
3045388,"我来啦[嘘声]
","州动动
","#嘘声
","#动动
","4
","2229.5746007146768
","53504
"
3045391,"分享小视频
","业一手学提盒护卫队抬棺手号银盒拍桔手号吴盒银童啊银查手安东尼
","#分享#小视频
","#手号#银查手#提盒#护卫队#抬棺
","12
","1632.9964438349402
","181
"
3045392,"我正在努力 召唤师#广州#
","
","#召唤师#广州#正在
","
","5
","2322.6935618309976
","3820
"
3045406,"小孩的声音还是童谣啊[大笑]
","我觉得这个节目真的是作人哈线为音乐在做事情作人吃路作人关干第二首歌其实讲的福作人关哈线还蛮有意思关于盟作
","#声音#童谣#小孩#大笑
","#福作人#音乐#作人#事情#觉得
","3
","1935.642937354511
","2143
"
3045408,"小斗篷小神仙，清香白莲
","跳道跳道爱奇艺品本周四点会员抢先看次日点转免林是锐作人点转免我帽作沉默到底一个成熟二房后悦作人还是糯弱和腊作张艺兴所调你觉得还不错的音乐周四看次目点酷作或者可以推向市场市作入科是受众之间有京减二看知作张艺兴椒去这些春市真正作品四春腊伟人真的能打到别人叫里吗免作我代人已目湖针五叠晋现蚕重售周小市猎作要告诉他们隔里老哭诞有各字叫凯杰隔至正会质把有次且转光作办拉无办风冒点转晃丽爱烈版动心知遍休人市尽全九去这首歌唱好刘思鉴印唱作赢回开刘思鉴春动今天歇必须兴奋动代人才舞台感春作八一直就当作很重要事周延先着鸡回乐人告业年法腊伟免用重新宏火自我代是知随作会春温作让放松但是又力量会先春点免动园印品作人同挺锋芒这用话简用得太地了三腊作其实谁遇到死那种市动回据作八作本轮君将直接离开市园作入人作杰轮败者四会体人作雪碧唱免动至有些紧张吧作人作淘汰部园件淘法品思爱奇艺雪作园艺代晋量量老脆体人星河礁而独爱光芒作七市市吃器每周香
","#清香#神仙#白莲#小斗篷
","#张艺兴#体人#四春腊#回乐#回据
","48
","1840.3030059509435
","2674
"
3045411,"新买的卡页到了[抠鼻]效果跟预想的差不多hso[doge]暂且还没想到摆什么
","
","#卡页#hso#预想#差不多#没想到
","
","13
","2587.1644518149333
","314
"
3045412,"吃饭了吗
","
","#吃饭
","
","32
","3208.6729949040846
","8155
"
3045417,"用DM-7水水动态手速太慢了所以加速了 我也不知道自己编辑了啥
","前往疤痕商场破败前线龟裂推荐平均等级一次次蓄谋已久的背叛像是扭曲海迟早会恢复原样然后再次被源石流发生装置持续喷气流顺风逆风移动敌人移速提升代理指挥开始行动幽灵鲨法术抗性手动触发攻击力强化型技能期间内干员生命值始终不会低于结束后晕眩在攻击范围内后置入战场我方会优先书清道夫能够阻挡两个敌冲锋号令发秒立即获得点部署费用剩余可放置角色冲防御手发秒逐渐防御力送葬人所有横排至最终旅程普通攻击变为二连击爆破攻坚手整合运动高级精英单位使目标周围四格受到溅射伤害忆砂信忆店佰吃砂佰友方教条力场行佰馆学一团何忆正在提交反馈神经工物无论罪业多少次往复都与化为尘土是否将此阵容保存为全员信赖倍声望龙门市奖励州业低星比高星更容易晋升作战时间生于黑夜当期新活动获取灯无名识别牌阵中往事市楚订鲜后开启哇于关闭仿木下层夸顶酮凝集组原木墙贴双排沙发座上层穹顶七城式暖光吊灯广手学宣传装饰置于前台后方墙贴七城装修风格灵魂用来装扮宿舍提高氛围中国联通中国移动年月日玉州多云八年级班条徐福清表扬参加今天英语直播课同学动动动录屏软件录屏加工站没有进驻也可以各种材料初级记录完成制造点击全部收获待办事项线素搜集接收线索会客室小手冰凉专受琪雪可得信用收取广手手作设施列表固源岩币源石碎片总剩余时间库存执行更改心情消耗时
","#动态#知道#编辑#水水#手速
","#低于#攻击#送葬#受到#市楚
","15
","3086.3380703477114
","271
"
3045420,"有了流光后，妈妈再也不怕我挨打了[tv_微笑]
","量卤量卤园亮利型复量以曰丁基型以响园丁基础奶复量景房必响就向着办抗猫奶量大不大
","#tv#挨打#微笑#流光#妈妈
","#卤量#利型#园丁#办抗猫#卤园
","38
","2041.5263657840137
","188
"
3045421,"siとshiの`いがわかるようになったので、改めて！
","
","#si#shi#
","
","0
","3440.114311091498
","26515
"
3045423,"教你制作ps楼梯转角效果~学起来！喜欢的请点赞转发哦#摄影教程##摄影##PS##摄影技巧#
","心家贵日区口入式区楼梯转角最受国物明飞州怎精干通的牌基特点拖委盘平面精情节楼动全医建电楼不想电情色情老空就可点开迎具国精贵中日区家元新贵日区家
","#摄影#请点#制作#效果#ps
","#贵日区#楼梯#国物#色情#电情
","6
","1235.7298839874716
","2322
"
3045425,"还有一堆马丁的Remake没做[tv_目瞪口呆]
","
","#tv#马丁#Remake#目瞪口呆
","
","2
","2401.7041873533567
","199
"
3045428,"啊啊啊啊啊啊啊啊啊啊啊啊啊啊啊啊啊啊啊啊啊啊啊啊啊啊啊啊啊啊啊啊啊啊啊
","作啤高国里商层和点聘州智慧洁晶碎片片时亏石改管导务品品的咚片营车学品永恒之酒德利拉商店一早王部修
","#啊啊啊
","#点聘#改管#导务#德利#营车
","17
","2899.25965572075
","308
"
3045430,"#彩虹六号：围攻#看好这个洞，不能放电车进来...来自Reddit u/XoRaX5
","
","#Reddit#围攻#不能#看好#来自
","
","17
","2328.311674909047
","66454
"
3045431,"这个发型我也好喜欢
","日开总婴张艺兴星闻揭秋孔上国应开揭秋国总婴星闻揭秋日起开段星闻啊因起开段捣秘孔日起狂启星闻揭秘孔上品开启星通拐开思园星间孔品压想孔回旧起开星闻狂启回星间秘花狂启想品开星间秘孔品日总迎回星闻
","#发型#喜欢
","#星间#星闻#秘孔#起开#揭秘
","7
","1947.813492751196
","2575
"
3045435,"【老盾勇了】国际服新增“手动格挡”系统，同时盾牌4阶“伤害反弹”将不会影响惯性，缩墙角里苟命，盾上带刺儿，你看我扎不扎你就完了(*^ω^*)（快乐源泉get）
","郑联晶限怪紫品限怪品限怪紫晶限馆门眼门告区装塔品服源水亮网麻神肥的布费
","#不扎#不会#国际#系统#影响
","#神肥#晶限怪#紫品#网麻#限怪
","0
","1396.2459656023445
","200
"
3045436,"分享小视频
","市击咖冰
","#分享#小视频
","#市击#咖冰
","3
","1031.9822201004365
","3750
"
3045438,"知道你们想我了送上一枚胖了一点的甜甜
","批品州址州
","#知道
","#州址#批品
","19
","1307.6956637328885
","1307
"
3045439,"还可以#valorant#
","
","#valorant
","
","14
","2513.9538132625307
","237
"
3045447,"My Layout 4 Pekka's Contest
","吕吕口
","#Layout#Pekka#My#Contest
","#吕吕口
","15
","2538.6905468883124
","544
"
3045454,"都四月了又下雪了呜呜呜[冷][冷]
","
","#下雪#呜呜
","
","2
","1519.9286599859352
","20163
"
3045458,"夏天的风
","工夏天的风工我永远记得清清楚楚地说你爱看见酷酷笑容工我工也有腼腆时候风正暖吹过工穿过头发耳朵和风轻轻地工说着
","#夏天
","#耳朵#头发#夏天#穿过#看见
","4
","1394.700572994484
","3298
"
3045459,"给大家表演一个美女吸烟吧哈哈哈哈哈我太馋了 我每天只敢上下班回家吃几口土那是一个满足啊！！！！我要周末
","
","#上下班#回家#大家#表演#美女
","
","4
","2795.1934990495774
","3329
"
3045460,"wizzy姐也太强了吧（右1）不知道为什么最近看林老师跳舞我已经开始露出老母亲微笑了
","冰市小动市
","#老师#wizzy#母亲#微笑#跳舞
","#冰市#小动市
","8
","2228.927449605418
","7541
"
3045461,"这大背头啥时候
","动忧酷全回年之重晴来看大家好我是张艺兴动优酷挫栅年重晴来装将作为少年制作人加入之名动全同挫播乙召重确开着和们拼尽全力奔向你忧酷重确开着关注名人来会员人动主国酱米饮还可享受多档精彩内容主国睛开素一起见证梦想吧弃饭家精彩呈现
","#背头
","#主国睛#精彩#加入#尽全力#酱米
","11
","1558.5305294331292
","2644
"
3045462,"托马斯回旋？
","州油州油州州胡浦上成行
","#回旋
","#胡浦#成行
","67
","2269.936829447215
","12374
"
3045463,"练会naoki了舒服了
","
","#练会#naoki
","
","0
","0.0
","114
"
3045471,"介叫嘛腔调[呲牙]
","小牛皮丘牛调销我牛牛民请餐起专丘我动外询
","#腔调#介叫
","#丘牛#牛牛民#调销#专丘#我动
","21
","2352.816368949586
","271
"
3045472,"#简恺乐##恺乐#【康是美】和MOOMIN一起生活吧!客厅篇
","赛是美嘟赛是美噜一超生活吧客璃篇哈迎来到慢巢的客照足美噜厂道整固家我最喜歌地方美噜州就是客腰了赛美嚼州放空登呆喜待客鹿一般客愿没有辨法涌足但是怎鹰赏得好像少什鹰关嘟麻看神奇小物康墨内溜溜抱枕毯哇儿赛关嘟子老好舒服喔上第足关中造固泡枕不只可以拿水机帝足美中冰流淋都舒卖泉感备包二心啊留溜泡枕毯道水蓄足美啡冰凉微雄肌房雅特舒爽凉咸老司贾圆亲也太可爱美嘟童世界加淋嚼童溜遇枕毯康美嘟你俏是不是多康关嘟整固沙登大大的加分康一子德贯些一想到需美啡花属克杯入租自己冲花漾翘集是组赛组是入箱用克杯喝赛入组果然特别好喝沙酸温黏什鹰第是串美哪年商小扭桌关周送桌赛酒小透桌筒约欧凰色搭配不同居家国格机赛泪简小逐桌放黔感是小婆桌益附带奶布内袋简狗桌物多用足美唧州老配阿察化成关嚼老四元淡国收纳煞使用庸足美州淡玩具小物等等机是关噜老面桌盏盏子就成一佃桌呦美嘟州赛足关噜州纪念小桌康足很想要帮加冰睡那味和关嘟永盛消黄扁即可加腊活勤群情依阴市公告篇主加鹏偶童器年花漾枕毯商遗皂愚克杯粗康篇主加膳便花承枕毯筒豹盗桌粗嚼永味一起加膳鲜情扁主加偶加鹏僵花漾简钓小邀桌
","#MOOMIN#简恺乐#生活#客厅
","#枕毯#小物#生活#是不是#国格
","2
","2466.460054576087
","1002
"
3045477,"#泫雅#ins
","址动邮州品阿明畅啊悦悦业阿阳好业悦悦悦阿明蜗假奶悦业悦明
","#ins
","#蜗假#邮州品#阿阳#好业#阿明
","1
","1253.1836497244817
","7919
"
3045478,"碧晨:他们开始尖叫，我就知道我没镜头了舅舅:我骄傲~
","抖音号盘点星光大赏中邮神仙镜头海营小抖音抖音看他俩咖的欢的抖音抖音号年度人气电视剧演员具抖电视副潢员抖极了去参加婚礼鼻抖
","#尖叫#镜头#舅舅#碧晨#知道
","#音号#中邮#镜头#神仙#具抖
","11
","1819.321921865305
","275
"
3045480,"FLY 2.0？#GOT7#
","三子不要对着月亮发誓更改为带你回顾玩偶骑士时己从来自的魔视成为持续时川已凝视国书粉看又大又圆时多像断头枭承脸持还有没收那一件时网滚收那司
","#FLY#GOT7
","#滚收#枭承#脸持#国书#持续
","23
","2202.1023700839532
","240
"
3045481,"顺手科普一下前面手腕转的两圈是vogue后面右手甩的两圈是waack明白了吗！
","州邢魅一笑
","#手腕#右手#waack#明白#vogue
","#魅一
","25
","3132.574062439802
","1057
"
3045483,"とある教のはなし。――――――――――――――――――――使用了这里的照片素材：https://www.pakutaso.com/20121237338post-2188.html
","沙丰八中才少必力药少牛八丰又夕少力一下中八丰吵十八丰又夕少力苏牛八丰沙牛八牛夕一沙牛牛夕沙力苏切牛小丰力夕苏州必习夕必中八丰夕州丰八丰久夕必力州丰八丰文夕一州
","#https#照片#素材#使用#www
","#少力#沙力#苏牛#一沙牛牛夕#牛八牛夕
","47
","1943.3786337184258
","512
"
3045484,"摇滚老头店里玩了一下午，现在躺沙发睡着了[呲牙]
","
","#店里#睡着#下午#沙发#现在
","
","9
","1426.5456651463148
","634
"
3045485,"转自微博，作者见水印。
","青红造了个自键盘侠杠精喷子自杠带节奏黑子攀报党自冰军举报党带创作者吃四群觉杠精青红造侠白吃瓜联瓜家级创者瓜群众举握自吃愿醇众杠精党健盘吃厂眼众红精自创者正欢侠带创作着吃区群戏精带说同白创优翻效
","#作者#水印
","#杠精#创优#精党#精带#报党
","0
","2123.4766074729578
","306
"
3045486,"每日一出门[doge][doge][doge]
","上道一谢
","#doge#出门
","#上道
","5
","1839.780150137016
","1405
"
3045490,"#AOA雪炫#
","上
","#AOA#雪炫
","
","1
","886.3872031993843
","6099
"
3045499,"#段奥娟# 表情太给力（搞笑）了吧[大笑]一起追 #师爷请自重# 呀
","师爷请自重说是一国级与点燃全国少洁心的高富师若心如搞笑罗曼典四劳布鱼号微博世界分享你包
","#搞笑#师爷#段奥娟#表情#大笑
","#搞笑#分享#国级#全国#点燃
","21
","2098.7321620833222
","655
"
3045501,"#彩虹六号：围攻#GG[tv_笑哭]来自Reddit u/AsianCorner
","力机市州间游带
","#围攻#Reddit#GG#来自#tv
","#市州间#力机#游带
","9
","2130.0674020032384
","38425
"
3045503,"没看错，是商业假笑了[微笑][微笑][微笑]
","
","#商业#假笑#微笑#没看
","
","18
","1807.7726963983282
","4365
"
3045505,"OMG
","电迎店餐国的飞芒音品吓另包元信盒考夸居起声叶叶叫风店制叶叶风办古卜门临号比记品意吧鲜卧咖百春长百比成南部址临喜馄花号售品元收鱼门忙帝
","#OMG
","#馄花#咖百春#长百比#音品#考夸
","10
","2278.255630317182
","0
"
3045509,"捂脸
","务信平吾号冷元咖号百漩贡话服己咖加居冠百最百苦胆己四朋小王店王区工晓否西品防号川公禁动站鲁四人四等卒套暑套巴从三纠入段分头三古业品
","
","#服己#平吾号#冷元#王店#公禁动站
","22
","2534.716880340991
","1667
"
3045511,"#请夏#
","鸭鸭动饭市动
","
","#动饭#市动
","38
","2186.970104603996
","5117
"
3045512,"niko:开滴滴我是专业的。
","
","#滴滴#niko#专业
","
","14
","1962.480140104175
","1088
"
3045519,"< girls girls girls > 2020 ver.
","口烂口烂世址月话地世话控世话耐注址腔注王注话脚拉话世芝世世控话带的楼三耐拉拉耐归是古司拓古门归记古门扫拓古风时
","#girls#ver
","#注话#古风#世话#脚拉话#控话
","10
","2567.637413144824
","927
"
3045522,"好兄弟 该睡觉了
","
","#兄弟#睡觉
","
","5
","1164.1837198088215
","90733
"
3045526,"练了这首歌一个月后终于有信心录影了[tv_思考]
","水市市冰冰冰市冰最另市光
","#录影#tv#首歌#信心#思考
","#水市#冰市#市光
","12
","1780.4662268886193
","3983
"
3045527,"这歌还没混，先demo预告一下[鼓掌]
","
","#demo#预告#这歌#鼓掌
","
","23
","2598.2720762881954
","20429
"
3045531,"#简恺乐##恺乐#【康是美】和MOOMIN一起生活吧!厨房篇
","哪是关噜需是和一超生活吧厨房荒敬迎来到慢小教室今天老筋要大家示鲍的慢慢吃拉需吃拉麻介绍一下要用食材康美嘟温泉蛋南美嘈我也有需关嘟不没闹像关啡可以急示如何些脚羊哥鱼首先美日你需要一固密武器需足美啡过超碗祖吃拉碗烂美嘟拉题碗美噜米拉俏看造佃可变又清新配色上美嘟米动拉题偶看着美明冒拉题租而且超级弯用喔要品提盛呢一填非常重要功夫姿片片最米事拉趣祖耀盛一顶啸哪铁事拉镇着造固康美啡就是漂漂亮亮主哪米图拉画碗徊一定刀儿放上战是美嚼馒吃拉翅碗相暂品品现在就来缸吃嘴管然不要忘起筷子渴匙都同一粗麻酱超来才弯特别美味美噜拉题坦来啡实啡关啡勇流州品怎那腰啊面且参得因太好吃了美要所以需烂皈後站心晴固道鹰注重健康人主嘟敏後副餐营然不能随便使嚷登愣美啡县果汁楼活力涌漏榄关潇滋材料犟好潇满心我惘期始饼足佣遇很营套水果满潢金桔放下去麻美水要盖造文啡水要盖道些潇潢滴滴动黑汁美唧滴潢公男活万漏美啡活为隔漏店德它直接放入吸管么是不是想看上州佛让咖男是交啡返不林身常西后面活九面乐楼上比需通勤杯杯身正材贾不含蟆酝调体造檬带朋方便啦忘部美嘟花漂花帆布卷花漾袭飞电花漆帆布袋花漾型线把袋子翟需理衣楼生舰布餐美啡花法生话另新燃雨固旗色美嘟甲摇甘燃有造红色有色离是头当电练烟蕴有篮色当雨前喜第烂警雨音做消背满可加膳香秘情货心告制消营漏可加嘴盟滋滋犟汁拨药务撞门面纸细美零消营福含脚薄滋辈汁揽牛机布务增吃拉面碗纽
","#MOOMIN#简恺乐#生活#厨房
","#美啡#提盛#皈後#可加#消营
","29
","2063.0823094080506
","514
"
3045532,"只有我一人念^到尾u皮疙瘩幔[tv_抓狂]翻唱歌手：Robyn Ardery原l出：https://youtu.be/g2s-4KU8aLo而且非常有一N小林未郁唱梢昂胫曲子的既感，[思考]有]有人和我一樱[tv_微笑][爱心]
","州证州止成州成胡成击州击小的们业熊成和泳
","#梢昂#思考#https#微笑#tv
","#业熊#成和泳#证州#止成#胡成
","15
","2442.6105461375305
","925
"
3045538,"#FGO#[doge]不管有没有伽摩，你式姐永远是你式姐#站内传递正能量，争做“阳光UP主”#
","还剩名攻击阴阳鱼部到不早剩飞名自身宝具值增加等级暴击星集中度提升回合断技能使用充能时间剩名名江户开府状态次捣毁全体的攻击力防御力付与回避无敌贯通伤害附加扶态宽政改革刺名深州非服剩名浦唯识直死之房房州别挡在我面前两仪式郝是与战斗结果获得量子合计持有战利品点击可查看详细信息下一步
","#doge#有没有#争做#阳光#FGO
","#剩名#具值#房州#全体#无敌
","0
","2592.9154628219703
","3865
"
3045541,"基本上都改完了 可以成功下潜 前后左右功能正常 外观最大程度保留原样屁股再测试气密没有左右粘和
","州市收啊量州
","#前后左右#气密#程度#保留#下潜
","#州市
","19
","1757.5374283870435
","4013
"
3045547,"都不知道投多少次这个了......这可能是最后一次吧，做教程用了，感兴趣可以去看看教程专栏...挺水的，勿骂。等我把手上单子做完，就准备继续做mad了，找到了个超好听的歌qwq
","在深渊最深层等待复发规了巨大的乘直型调穴贝则爵斯卡孤岛上福里面埋藏着各种奇妙为此人们纷纷没可是一股神秘力量正在逐渐吞噬他们其名阿比斯咒深你们真的要去吗业湘鸭厂即使面对死亡你也继续前行已经死了啊妈妈不要事
","#教程#听的歌#超好#知道#找到
","#等待#复发#贝则爵#孤岛#面对
","0
","0.0
","226
"
