3035029,"Cry可爱现场，我好了。一直等不来cry的ori，我放弃了。我开始看cry玩animal crossing了。
","
","11
",1723.442636,"1651
"
3035037,"“半屏版”植物大战僵尸
","解锁的世界越多所需达饮器鞋阳光是生产植物必须资源点司把豌豆射手拖动至
","14
",1062.133424,"791
"
3035046,"下一期视频打算做个别的游戏的搞笑解说，大概也许明天更新吧[doge]
","七浦
","10
",2398.214781,"906
"
3035052,"惊恐一秒毫不畏惧[妙啊]
","写书十年第一次收到读者的礼物快速好激动啊写书这么多年舌然寄快手不是我说快手快手烟得都语无伦次是什么东西呢快州手州手牛批号截图保存二维码打开查看更差
","3
",2301.530179,"959
"
3035055,"怒那，醉了吧？2014 - 2016 - 2019醉了醉了醉了……CR.922page#GOT7##朴珍荣#
","医杂星小后品品月口西雪中习巾口市石四作面利巾口市西机制州州
","7
",2318.667677,"6994
"
3035057,"#彩虹六号：围攻#强行增加游戏刺激性来自Reddit u/_sheep7
","默机星很整上
","30
",2762.283871,"90587
"
3035071,"星黛露配色小紫藤 晚上台灯拍的
","业业
","49
",2918.221598,"2741
"
3035073,"这次录影时放炮了吗？放了，不愧是我
","品川号号叫列荟巴五尼号品阳口号石川荟巴五记号智创到天君外春巴五阳号石元春巴五石号口叫口智天号品日阳早春巴五门
","12
",2002.292071,"2790
"
3035074,"151029 明洞签售清唱版 < I Believe >  还是嘴巴里含着棒棒糖在唱来来来，你们先品品，然后再夸夸……CR.nyeonggi -#GOT7##林在范#
","市
","18
",1885.454957,"7589
"
3035083,"[tv_鬼脸]更新预告应援团好冷清，你们真的不来嘛[tv_流泪]
","新歌预告立新
","0
",2250.090034,"8302
"
3035084,"明天中午[喵]
","米米
","20
",2306.845119,"19800
"
3035085,"不可思议，无懈可击[呲牙]
","婴报锦聚数铺
","6
",1675.739891,"3034
"
3035086,"一些认为我是恰烂钱的，吃人血馒头的可以闭嘴了！
","会直播热门追番影视推荐抗击读书在站还可以这样看书一个稿捐一本书愤怒汉化组的请不要认为我们付是理所当然万又化组前世今生我不是教主动态漫引路人工具被安排明明白白新人嘉年华更新至第话东凳交雪料音平台星期五日日庚子鼠年三月十中国移动超级截屏正在录屏东莞交警抖音月日截屏司四至卖处花子同学你吗资怒万会追灯亚日王就按半佛仙人个序驾比组升大员畅看番剧国为历史记录下载管理收藏稍后再看个性装态漫月明白白发布创作中心活动泪阳稿件粉丝互动激励学院任务日厌更多功能日爪今天成为主第天数据中心中午点昨日数撬视频播放专栏阅读万万会面潮布会翻和翻布加入设励计盟买现作品价馆优质原创评价价值观众观看获取收益开通高获得申请加入计划创作力影响力且信用分见翻潮分分电磁力查着详情入新星第期未报名评奖资格参评会汇加载中统计周期高级权益超大文件版权保护抽奖
","0
",0,"984
"
3035088,"我包装纸被基仲俊撕了一地
","州郎业
","7
",2210.169069,"537
"
3035091,"你说你们惹我干什么？[阴险]
","回复生命与法力连击破
","3
",2380.439309,"898
"
3035094,"#鹿昊昊# cr.朋友请听好
","湖南卫现芒果一手朋友时足你不知道人家什么情况请吃好卫靓云果请吹卫靓心一学怎么可以就去判断他或者坏卫颜星而且别人其实不是这个这么遥远的人湖南卫视用自己工颜一但是又发言班卫发到所有人都能看见卫心卫靓约奖的话脱而夸奖脱口而田请而婴要三思而后行证毁春奖
","3
",1513.815094,"1108
"
3035095,"简简单单15秒这样………听说点赞你能秒会前水平;-)
","址卡卡卡州卡
","4
",1653.622015,"672
"
3035110,"分享小视频
","条密码尚未破译州会站落瞪日活老袍发现求生者客编需和心东医道日落晚花会玩的一个都没日洁晚花袍窥视狂中粤以蓬客
","2
",1740.445621,"1733
"
3035111,"小女韦府大小姐旗木南 没见过小少爷[doge]
","抖音我的号刃说小少爷明鱼四小姐有婚约咐浪感达娶那个仪子水不迎亿什么尖头炉自家委兰不健呢不傻名也不想耍自乐事然角己仪抖音抖营真是构紫角君霸气学了个十十小抖音几还未乱烧粉小女白府狱机香营号心过小少节音号
","17
",2472.272622,"707
"
3035113,"是个小预告。
","条密码尚禾破译地窖未刷新光轰谈庆听击逃脱追击显示方位视角跟随尚木地智未唱手即肖战正面形同虚设后欧庆机角海械在被解的梦越面不然一东往者肉碎赵面前不热一去
","7
",1918.969768,"2888
"
3035118,"我爽了！自己留着！
","油上师址州办
","11
",3311.007886,"468
"
3035122,"抽奖活动公示
","随机数抽取中圆重信下一代承载精品绸脚在一个刚蝴内可德抽股列重复的数字喜雪一牌明我用户去体险了系列患示不钱贾况下评论区页中圆雷信下一一代绸区然后点市转回车付办口页点页绸页内楼层层页四楼克知节有见然那到站九背景音乐有点响有几个地方盖住人声如果可以的话加上字幕会更好恭喜这位小伙伴五
","0
",1593.852136,"715
"
3035128,"又被自己帅到嗷
","全场取话冬好爱住全饭佳冬品州最佳州费服州动
","1
",4261.980555,"2940
"
3035129,"又拍了一个如何在店铺找产品的录屏首页就能看【宝贝】里没有，因为还没上架所以不显示【新品】里有
","大头菜头大了分享抢优惠券立即满元可用名好友春日约惠全场满包邮井屏幕桑制景制视频已存储到照片会泄露信息的保税仓商品为圆通发以下疫情期间暂停发货地区望周知湖武汉市东西湖区江岸区三共钟祥市本店非天无理由退货店铺遇到问题请尽快联系客服您贴心解决领券下单更优惠福大国优妻务找客发钱室护肤不迷路回大头票头大美注关注送元门槛百饮天在热维每日实付好人赠酱野香水奖品不像加赠送拼手速大孤付款前名一元秒杀每事临满赠好礼价值元恩薇娜色眼影限前份美动培本店儿个工竹日肉小面团购专区抗氧化精华二件立减拳后两件到手价精华液推荐搭配日间控油组台清爽地温和镁白上新价起日常价抗烧九氧化自净一品牌品名暂无评价与间答宝贝好不好全郎进店站迎鲜面王卖家服务详情活动全店满上封顶林包邮林天让灵要支人即将开始开售加入购物车蓝晴田马菜菜敲黑板这放我真的夸迎麻多开溪走动子热会弹法平价修精可平替魔首抗老亢复化一瓶端定月约良心方形成墙大亢能力顶防光老化这亮均幻肢色五通闻冰改扇理印入坑原生单品榜图产品身份证加人蓝铺邮工一个门进路时家司还有刷酿是能用只要耐曼就行即检开说加人购卖使用方法尽量靠前早展可以洗完脸直接水后配其他乳面魔即可议酒量匀涂抹于面部凯肤轻轻按摩直至究再进行后续拉醇怎么这款星晚都但是如果你有用腰建议早晚静快效桌翻侣时觉得刺痛物车蓝编田公击授权书展示阳物司抗路元化日净杭管化情华淋上价电电价打好舒敏保卫烂守护池水亲迪日理肤爱特安务上新价新物精致猪猪女孩专栏去角质平滑真实嫩白上新价广东广州快活免话肉换势后再冷村减黑元制元年元里电献宝圣菜国圣当源日品障整无答世热特来味朝问天购国场宝贤谨情春口幼重吉包业不智里什么装质趴肤定要试试这个船高性们水林暑动间福去印网不知动淡淡的藤麦牛奶味质地以及没有香精化校品聚料味十修效果杠杠注脚交体燕发成分销话务型秘价建体测菲合转门酒务不管鼻干皮还康迪皮课彩主干积溜效黑绝不像些炎服水一样燕过无根刚做打底还是搜学维椒安排上市鸡课课我品友国丽入内车头火菜头灯味工口抗静敢益养不断成部中专晨水新萃区平机联汽实微自上上题拒证优秀洁面直修养
","9
",1912.958881,"23518
"
3035135,"做一个属于自己的PvZ-bgm[笑哭]刚上手
","油油
","21
",3284.832665,"660
"
3035154,"V2的dps，可以对比我昨天发的那个小视频以及之前sss黑希的视频，sss一套纯爆发打完dps是9W5（这把总体暴击率已经很高了）什么概念呢？sss黑希从头打到尾的dps是9W8，这其中包括了很长的神恩攒大招sp时间，呆鹅纯打一套爆发dps都比不过，我觉得这要是再加上攒sp的流程直接可以爬了（）视频中雪地碎星物理戍边套，圣女索尔特贝贝，呆鹅队长毕业套。
","计时区雨是海抄您发草种盟路配家可全不牌区间最高秒烟发鲁高健发五一想发京配盟餐大狂改仅供参考一切以实战效果为温为学子深洲红连能级故店监啊发家感行盟型平均胶器可能会不准木性敌能仅侠参考为雁为量课涮红蓬楼级数饭动力区闻盟菜邮付望钢国司睡香木独迎医仅供都考以变战家果浴海新量子深涮红蓬站级放振兵前砂内两抄所童仅前前人部内饺供国试场文五面口的分丽前内丽前内国丽店丽网品监面内国内丽好锅前内雨内监砂内监物内丽创习通书家配螳香副复量克再切内营政正式量酒电区闻放健京配姑礼绿面
","8
",2407.614146,"619
"
3035158,"被拉爆日常Σ(っ °Д °;)っ
","这是啥魔鬼爬坡速度州我笨乌先飞还没两公里就被追上路段小坪在此上挑战好友你的成线王冠归了
","2
",2250.276018,"798
"
3035160,"转自有田P盛情款待官推，4月4日的节目预告
","啊分卜岛康介糕有田家打否含为世先行公围青田万么手中杂夕打方合康介糕月豆主孩暗而分咖有田丁学歹扫世介样去孩们田手了门永歹打方合力女样月且被边腾巾分眼好久不见有田手夕打右合康介样红旦主孩们咖羊果然完全不样光彩照人田七辛夕打古合村世月旦主暗巾分眼车羊县辉吉水您是这样想的吗皇行心学中寸学歹亏合扫也点且主孩边腾巾以前说起感觉真是一有巴西分八么学中之丁羊歹打亏旦主们肮脏黄段子艺人你朵我七可学歹扫世月红日叫休装不是有田尸一分绿多专合和旦下木夕味分力口未时世黄段学能理解于中乙字夕日暗而活力己方及寸办己航脏份学中夕红且土夜们膀们分汽成大人还是有田灯我宏学早兰方架多引香暗们咖心以元成名冒流行善家职己不声右田女我罗今方架吊会边地喜康介檬月旦主身楼以元籍套轻又飞秃火右名言行尸心小来夕打世月旦身糕兄味名籍态取飞方村当然田尸学中罗品云湖中本当尼云深意味真的带有什么深层含义字可羊歹含扣世月且主睡巾深以飞村时中六叭末人大舍文叮辛夕打右台世月旦主木夕尽希望在段子里加入超爽说不话句子长有字夕眼中超持专田户攀早必片季多子委会打世牛品湖十夕超特专何汉大久店宏茄欠过弟我罗必方家吊去仇身甜乙格对口一不夕仁康介名言专入机召这个有田行可辛歹品云不噗人机茜乙杜可口子一不夕汇左召要是我们把这种加进去打古含心沙噗力入机甜飞格可左入那句就权收之么子可辛夕打古台力世变尔书本飞卖一不夕汇局没有寄怪意思你弟专含扣世主颗大大康介吉心大民分态作甜乙站过丁汇高康介密石但是因为表现为了康介写编罗必季台世身边龙大康介吉大大甜工一不夕汇绕劲尸巴子附月长打古合村世主板达入机大以衣心一人不夕这两句流行语以含房籍成入机大衣甜飞龙口二不夕仁机石有田行弟湖十解本龙古专乙右不要专台睡巾分眼令回占击乙桔不夕汇那个湖十上冷心名冒力乙右亿晶这次桑名盲心万名可羊多点旦主冷可成吉为心身凡名加手尽食只忘心名信击乙杜对工一不仁应付不来名育你好样罗景云它巴人心那种事情今分架多会边地主强们十刀老受仿龙茶发位无理要求会变成样子呢特编必方菜去世丝旦主人手十才小专受切龙兰父不久位报明喜康排大炒龙时才步少水味放送干夜喜康楼炒花时艺少沙少木约味中干夜
","11
",2153.252062,"502
"
3035170,"新挂件，哇哈哈哈
","州州址广手
","5
",1671.39391,"1986
"
3035173,"一小时后终于停了……OTZ
","我就这样听它们吵了一下午人击市油人司州
","6
",1869.077958,"2468
"
3035175,"用一个短视频简单聊一下“加量减价”的新iPad Pro[doge]
","手角广角元超广角超加角广手学广手学广手学州州书学购买英寸无线局域网机型设计的息你下一一台电脑何必是它如同一片充满魔力玻璃级摄像头打通了真实和虚拟交界能让用手台手妙控键盘青染为过郡租网城丢触控板开启全新互动方式常接口还服进行直通充电适用于第四代妙控
","49
",2101.396901,"302717
"
3035180,"音响:我当时害怕极了[doge][doge]
","州
","14
",2447.562752,"2424
"
3035184,"Hi-STANDARD StayGold
","明址
","1
",2376.904945,"2772
"
3035190,"#九州天空城2#谢谢有磕到！
","址茶七雨上州不那么直自懂油我高兴呢就是生气一定是真你哄哄就好了油肉麻的话还是要说一些的嘛市市业
","32
",2665.88134,"630
"
3035191,"机动战车工厂
","青月晓青月晓青月晓亮意要跃版参亚平吉丹晓昔肖院国尔青月晓吉月镜肖烧青月晓前动市面言面青月晓
","4
",2085.863502,"748
"
3035193,"Pooky reminding everyone to take care of each other during this time. Pooky makes sure to give love to each of her stuffed animals. Her favorite is still her hamster stuffie#LITTLEMUNCHIEPOOKY#
","道
","7
",634.6379494,"1041
"
3035203,"#manim##杨辉三角#分形#由杨辉三角生成的分形图案，代码见我的git仓库。虽然这段时间歇更了，但有空还是可以水一段短视频[tv_doge]（有兴趣的童鞋可以看看有啥规律，注意素数和其他的区别哟）
","对杨辉三角中所有能被整除的点染色门之谢收息着谢息
","30
",1959.99493,"4710
"
3035205,"捷克惯性系统几十年来难得一见的发明
","
","16
",2105.745026,"2135
"
3035208,"#彩虹六号：围攻#这也在你的算计之中吗[tv_目瞪口呆]来自Reddit u/imaliveunfortunately
","奶啊
","27
",2181.066761,"40355
"
3035214,"昨天直播想的一个思路，投射回避升龙流(爆发弹限定)可用来打一切会飞的非古龙飞龙种，投射回避的第一下攻击是上挑可以派生2连回旋升龙，爆发弹的延迟爆发刚好时间可以挂上升龙，尖锐弹的话就会来不及，升龙有额外的伤害硬直加成，所以坠机的几率还是非常高的，打火龙一家非常合适，因为他们掉爆发弹[妙啊]，另外，雌火龙跟金火龙的飞天甩尾，也可以用类似打法让雌火龙处于空中硬直然后坠机，不过由于昨天直播都是爆发蛋坠机就没打片段，
","而歌厂正企桶放开心胡贝小下在摇放收播州户正在报放小心页邮专发灯去收变川退刚种咖的皮份捕心灭纸灾贝点插州户太改变周进种利儿助的表悄正桶放爽贝机贝州物
","21
",3396.320676,"4099
"
3035222,"我想问一下某个朋友，这么多天你不累吗？我们也要开学了，这几天不能陪你杠了，你是我见过目前为止最能杠的，我甘拜下风，服了行不行[保佑]
","
","14
",2132.994,"441
"
3035224,"由于新冠肺炎影响，京都大学的农学部的这门课决定使用油库里实况进行网课教学。
","情鞭基震学部金金共束力习又震松合比较晨美输分野餐室内楼彩联座分和年度杖新型肺炎产的例年七奥在乡来沙通信吞活用儿乙授美吞美施儿天了共束力晨船合馆晨美输分野教李内以江座大四产少吞落菜吞美施儿去京大生专世情鞭力夕樊秘合费美输教车内楼枝羹吞美施格合路江座上奥衣少苍活美吞美施儿己授羊少方又晨影联古座防炎产用吞笑施儿可情愁合教室联音江线儿来卤龙名前健情餐车吉江电分防炎农乡寸千发虔船合车内楼场座仕防炎叨产七翼改乡脑儿天亨十匀一字卜四情力千夕沙三宅试樱愁合信比鼓费美输分宝内楼联励终团产木沙否活宅武震比鼓典美输楼联分以脑炎产以奥容少乙楼襄否美施儿茶罗知九牛记龙武虔卷合能炭美瑜位上翼农木沙美否美箱芽情学新格合信崇美输典市精利都专性号奥安木沙乙提美老美施文己股笑情基震武虔学新修合信晨美瑜盘吵广改来活用心乙段奥施担当教代口飞情武类崇美脑战例年七奥木沙老美雁脱明去过飞专之位龙龙比校裳虔位筋吵广女少否落老美施儿亲芽就明龙龙世
","0
",1310.967495,"9358
"
3035225,"鹰王: 只要我不打夜魔，我永远是第一！托尼和康纳都是假的。#UFC##MMA##UFC249#
","处到姆父睡品只要我还在一天托尼永远就是临时冠军康纳是老二酱品幽品的名字记者嗯哼那路撒冷有些这些家伙永远都是第二一哥都不会改变回回但吗冷些要么假自他们达不到层沙耶路撒冷他也们层沙优醒找从未见过有如此厚颜无耻之人之人次观看位订阅者接下来播放自动播放三圆葛亮死王朗优酷三圆茜葛亮
","2
",1821.011942,"2464
"
3035233,"这是由mad vfx课程学员Galih Pratama创作的练习作品[鸡腿]链接在评论处#AE##Mds作业##MDS#
","科秘台
","7
",2265.594041,"2350
"
3035235,"#碧蓝航线##COSPLAY#哎呀！一段时间忘了更新动态！B站好难涨粉哦。。。[tv_大哭]
","动动
","3
",1207.946603,"11591
"
3035236,"分享一个彩拉小bug，彩拉的蛋会被灾厄的boss小怪顶掉
","连携伤害奖励连携伤吉
","24
",1825.514581,"3684
"
3035242,"这个动作能练到什么[滑稽]反正不是一头肌
","
","19
",2103.768733,"2940
"
3035469,"葬爱：这一天还是来了
","中国移动闹城关注发现神奇痒无比粉小时麻要吃食物的女孩子事爱时市爱受特效终于找到主人了时雁受寺效条回复面机村麻击萍爱我不承认我们家族有这号小章动长于这个作品石什么世没留下原声美韩爱家线持效面开童电田酒葬人时开直看串园慧好家伙快手专门为郭子专属国六资条西楚爱评才会电家伙特交联行营我国小调美临为什么是官方马上下架开童者南豆量利通可尔别豪横告诉你我家狗旺财也很拽自四度书饮爱评厂州在槽新下二卡显着以多国对嘴可乐
","0
",2829.568601,"144
"
3035470,"味儿对了
","佩我你醉掉他了已可部笔
","2
",2295.704421,"103
"
3035472,"致敬英雄，今日不从事娱乐活动。
","欢痛将得地占天时时源和好运爱微信登录我已经详细阅读并同意腾讯游戏用户协议隐私保护指引安国新文备号新厂审号版物元正在加载中提示通过设置可切换账号本网络游戏活合年满网岁以上的使用文号不拒绝盗版注意自我戏享受健康生活加截地匠电商呢稠其他根登鲜授椎登鲜信息登鲜申葫取你镇像油量滋戏互免费饭中心启动尊贵身份展示手特权爱费害到老腾凯歉祟麻将全集新建佃人可以不同固人首次送豆化查喜幸玉固人别动周愿用裹好友完成授械腾凯歉柴表分享空周取同脖申葫以下授横取官信息中心特材展真战互害老信息办送豆滕凯歌井取官信电酸表钞周愿用取背包管理内道具文香网文血稼血战轮盘失败请梢后思试火众快速开始加流换三张菜鸟场武种话锅球世厨为深切哀悼在抗击新冠肺炎斗争专产品工牺牲烈士逝世同胞月日起旗下运营所有含中查看详懂确定电国阳件店系统公告停服哀烈土同胆日起旗营红夸中国大陆港澳台地区停服愿逝者安息愿生者奋发愿祖国昌盛哀惶烈主白起品了舍一愿脑炎曰品鲁港台地区
","0
",0,"28
"
3035473,"这就是老番茄的排面啊[tv_点赞]
","推荐视频老番茄史上最骚杀手第八集立即播放评论万点我发弹幕热门三按热度上财青年恭喜假人先生终于来了都快被复旦抢走耳机财大牛逼羊村哥最惨官方共条回复十关注复旦大学千万我来晚钉子你母校还没其他学校好捞区大眼瘫在抽个录取通知书王法苏捞不动捞不动还是比共条说点什么吧万好捞吧台业重新版人一见证历史暴躁阿欢捞的签约谈成没司奥特爱乃力芒我去四分钟前时候也一千万啥么站把说大会泽诺区宁啦凶不对茄帝做点台点活讲论区如宁采啦个她市做些表示吗共年可夏小珠公新粉达成粉老切芯告君雷军星籽括海要和阿华一起开塞灵破共条同宴是第当时才十多万一个主现在竟然太牛逼乔居然有牌子泛式过生日祝生日介到警六茹乌龙茶泛八爷共手回百安康大字四童新太强小药完飞机赤发白雪姬在战斗机冰捞一捞抽架飞机二次元中科院物理所给大家个你们期待已久朋友这个应该喊兄弟们打公屏上棘太器我们号怎么现但是露面行哆传说相啸魔华中科技大学台业杜嘤哩嗦超级雷大爷开学若兮唠一唠甘功共条大连交通大学菁菁交大这小离粉丝最近让他自然沉吧领青科技埋云口柚子味大橘子共条复湖茄茄伊香路辛夷小可爱那么多是不是缺最重要空它骨头首位陆相因尽力像风不易小五这么沉二超凡得居易捞共条西南团委一共女只二细姐必麽张不是甲稽丙烯酸来晚号共条入中国传四棋在牛奶配弥太沉套回轻合影青柠能哈哈哈哈火速前来茄甲稽丙师酸抽张壁纸华为终端万切桃子刀子送台手机空少周住庆祝一国回手溺死咸鱼咯送个就嘿嘿西心夏回芸千本来想着虽然数跟还有很大差距谷存业肥到个数鲁级相到令坐等哦配司周美灵组头地理所捞青苍九歌月分秒万粉诞生精确到秒妈离谱临风帮主过哈哈哈伊宁尔速度够快啊初见久会借个楼万粉可以女装御坂美琴久会别难为穿好嘛椰椰想起妈妈的话想看直播大宽物理不能网课海里星星爱您知针针气林琛气气重庆大学喜欢纸片学姐昏没人接梗楚缩妓红橙滚滚太牛不愧萌水水习工具代表酱可爱仙女你好沉数学啊啊啊宁不动共条吉大电子萌水水酱成就和子迟捞不动恼叫吊独孤道尊愿奉为今天橙子汁好喝茄茄粉婆娑眼学妹是否会会公号私用区配没有认配弥河南农业大学六元吃糖葫芦举报克里斯蒂安洛清哇好惨合个影共纳豆奶奶老师贺喜属于谨与暖阳太胖减肥上去泡泡龙虾饺蛋黄酱掉所以热评自己发动腊讯马厂长来合个影飞鱼不起面嗯咳窗受三十天会员初恋大人主排面走起来带应用宝呢一脸疑四级一块钱四个痛痛咳命晶痛又活跃昏共条其实第九集结尾那句固定台词或许缅怀那些逝去先烈
","0
",27.94779264,"16
"
3035474,"【明日之后】樱花家具有点让人失望啊，跟想象的感觉不太一样，害（房子有仿照鸽子精阿}@鸽子精阿} ）
","地点私人营地今日完成人数到云我从人间黎明的口红包中抽到了新币队伍回即康芒断哇攀明回归中椎到新雨人敬欢迎回到小窝康芒斯回红新市元地卢曹地今口人欧话回西免免子四地压芒斯哇家呼吧中到与营友充成一次自拍楼免四恩地康预从人闻努明口虹包中推到是日式屏风免免子恩恩星归恩恩地可漆团思恩智地宗成人欧免见归虹恩恩到功迎丑老和风茶几摆盘记接免恩理地萨芒斯哇日今百亲歌光恩司市芒斯硅学明丫新市这让牵放松身体和风接免知子恩事梦明中袖鲁地文经人能饮松身您完战人歌口说地人默恒记元教人国口前市地海机风系门子贝见架明蜘点盟地空达品餐明团人改芒环鞋找爹明抽割房贝免免千恩恩甚地康芒斯性都明自中著地修和风免免子思描到新雨启唱亮歌接免馨明口红子恩恩都啡牛恩惠市芒斯性掉明上储中弓日思恩地康芒斯鞋生增隆中码利排免挖明巨归
","6
",1334.494033,"23
"
3035475,"这就是老番茄的排面啊[tv_点赞]
","推荐视频老番茄史上最骚杀手第八集立即播放评论万点我发弹幕热门三按热度上财青年恭喜假人先生终于来了都快被复旦抢走耳机财大牛逼羊村哥最惨官方共条回复十关注复旦大学千万我来晚钉子你一母校还没其他学校好捞大眼瘫在抽个录取通知书王法苏捞不动捞不动还是比共条说点什么吧万好捞区台重新王上咖部快见证历史暴躁阿欢捞可的签约谈成奥特爱乃力芒我去四分钟前时候也一千万哈么站把说大会泽诺区宁啦污不对茄帝做点隆造个对加带做些表示吗记共年回夏小米公司粉达成粉老幻芯雪者雷军星野折海漂要和阿华一起开塞灵破共条回章是第当时才十多万一个主现在竟然太牛逼乔居然有牌子泛式过生日祝生日介到警大茹乌龙荟泛八爷共回西要裹通大字四太强小药完飞机它赤发白雪姬在战斗机冰捞一捞抽架飞机二次元中料院物理所给大家你们期待已久朋友上时这个应该喊兄弟们打公屏上棘太器我们号怎么不现但是露面行哆传说相啸魔共匣复华中科依大学杜嘤哩嗦超级雷大爷开学若兮唠一唠抽否大连交通菁营交大这小菁菁离粉丝最近让他自然沉吧领青科技埋爸袖子味大橘子空共条湖茄茄西西店辛夷小可爱那么多是不是缺个最重要骨头小兵吧台业首位陆相因尽力像风不易小五超凡得居易捞共条西南团委一只只女二组组恶心心园际张不是甲稽丙烯酸来晚号共复中国传媒大学棋在牛奶配弥太沉轻合影青柠能啥哈哈哈哈火速前来茄甲稽抽张壁纸昏共华为终喘万切桃子刀子送台手机空少周住庆祝一下区溺死咸鱼咯送个就回手嘿嘿西心共条中科院本来想着虽然数跟还有很大差距很快本同一斯兽奶相到子坐等哦码配网周美灵组头地理所捞青苍九歌年月分秒万粉诞生精确到秒妈离谱临风帮主过哈哈哈伊宁尔速度够快啊初见久会借个楼万粉可以女装御坂美琴久会别难为穿好嘛椰椰想起妈妈的话想看直播大宽物理不能网课海里星星爱您凯知针针林璨日日网课制知气气琛重庆大学喜欢纸片柚子学姐回后没人接梗刻楚妓红橙滚滚太牛不愧萌水水工具代表酱可爱仙女你好沉数学啊啊啊宁不动共条吉大电子成就和子迟捞不动恼叫吊独孤道尊愿奉为今天橙子汁好喝茄茄粉婆娑眼学妹是否会会公号私用没有河南农业大学六元吃糖葫芦举报克里斯蒂安洛清哇好惨合个影共条纳豆奶奶贺喜属于谨与暖阳太胖减肥上去泡泡龙虾饺老师蛋黄酱掉所以热评自己发动四台腾讯马厂长来合个影飞鱼不起恼叫品刻刻邮命三十天会员初恋大人主排面走起来带应用宝呢一脸疑四级一块钱四个痛痛嗯咳咳命宝站痛又活跃昏共条其实第九集结尾那句固定台词或许缅怀那些逝去先烈
","0
",27.94779264,"31
"
3035476,"天空之城初体验#QQ飞车手游##QQ飞车手游新地图##天空之城##时之夭##第六期勋章A车#
","最像回放中天空之城初体验开富诺的妈死事开雷诺像开妈列品最价单厨优开开雪诺大果社社大开富诺好现刮黑里心开高诺黑黑服园重港阿死面开公欣黑班黑酒他医开套面阳死里证包气延绘浪回膛中小午面诺回应产煎另招钢里是们开雪话中莎姆童话同死迎身白先小开面话里良像行乐酒热异高诺养元经钢明里仔开重诺
","21
",1336.323414,"25
"
3035477,"#郑锡元##朱智勋#
","过得还你是不是馄以前一跟一喜炊泡酒吧喜泡酒喜欧地是不晨跑火肌一喜教妒欧池酒咧建铁明照别再一别再不然我的祖国不然少不狸威贾子尘袭花窗了一朵花视质节一小
","5
",2368.531062,"13
"
3035478,"#京话等级考试# #鬼吹灯之龙岭迷窟#胡八一王胖子京话忒dei了~
","物鸭胡爷为了救您腾讯视频龙岭迷金市差点儿把命都去了市址那差点嗝儿屁着凉这不能黑不提白提就过去
","8
",1655.230936,"36
"
3035479,"雨。快结束吧。把痕迹刻在石上，不要让他们被抹去了。雨未停，伞应依旧。
","
","5
",1002.495589,"23
"
3035483,"#迷人的郭老师##郭老师#郭老师之突然的disco
","你的宝贝之土奶有点丝给哈哈塔给爸爸路色橘色日落多少斤网木头人现在快手说点什么钟离梦溪蛤哈哈哈全有平台购那老师院乐乐宝配盟纸分享送个棒棒糖小哈哈哈哈会有房学第街宝宝壁纸棒棒糯快手老棒东巴老而爱心火龙那儿总总凡凡不凡情情双马元阳晚川长大扑阿姨地知道改燃网名了米赞心不知通改暗甜点亮干辆呢吃第子大精察子杀躬米线面快手空喜欢郭液粉郭子还是个区女干磁收我天蛤站快手快手艺蛤治始站松路汹乐远量彩营奶吻园快
","5
",1836.571434,"119
"
3035484,"#和平精英#恩，确实是飞车[嫌弃]
","动场场场鸭开路细机楼儿黄面
","0
",0,"194
"
3035485,"致敬英雄！！！
","今全国哀悼为抗击疫情斗争牺牲的烈士和逝世同胞清明四月新媒体今日人来
","6
",1294.249742,"13
"
3035486,"#“樱”援南开#[笑哭]这首初音ミクBGM忘记名字了。手机MMD饭制。
","州折训市水业开开州市讯办州
","3
",2677.049648,"48
"
3035487,"按时间楼层来的，中奖的我私信了，今天傍晚6点为止不给我地址就视为弃权啊。
","州在线随机数生成器西年初高中确定产生随机敬的数目最小值和最大值加沙高选抒是否为唯随便点击生成得到你想要结果显示在这里初高中数日选择唯一一国机数
","0
",2326.9753,"592
"
3035488,"预告 新歌！dive in the ocean
","
","0
",2114.036971,"202
"
3035493,"致敬抗疫英雄，缅怀逝世同胞
","众志成城抗击疫悄卡致敬抗疫英年疫悄安无私警无县回怀逝世同啦摘怀
","4
",998.1494862,"14
"
3035495,"#每天一遍，防止抑郁#黑哥一笑，生死难料。
","皮皮鸡货儿地路搞搞养搞汽搞宾正优皮尔温锅皮搞界茶搞料搞动搞务啤洒小龙虾皮友是家
","6
",2345.620107,"21
"
3035496,"这kd真是wu  wu往下掉[大哭]
","华
","14
",2426.810699,"285
"
3035497,"长了颗痘痘#站内传递正能量，争做“阳光UP主”#
","州
","8
",2012.331956,"44
"
3035498,"[拥抱]最近被龙猫的种树场景深深洗涤!人生还能何时像小时候那么美好快乐!
","
","0
",1921.510347,"881
"
3035499,"爽啊，不走了
","
","3
",1279.918627,"1779
"
3035502,"太不容易了 审核了两天才知道为什么过不了审感谢客服小姐姐 超级有耐心[大哭]
","原来是不能包含么我真的不知道州址在标题里面也有类似小任没镇辛苦了包括您的分注意下包作中心稿件管理一三后学作就能看到分标个视须后可以编撞分集剧情那请问视频封面是不是也好谢谢个偷务热级吉分标一个编辑集上州要改一好帮确认抱歉海报文件好像传不上已经改掉州传上来非常感谢这个原中足公印含介标翻包情洼意下小使律般稿争苦管哩瘤手机端操作麽捷懒后司以着剥编错请间找视娜不层赛谢调找帮趣认怕歉钱海服好传上束已绿标割
","16
",2810.844313,"19
"
3035503,"沉痛哀悼
","公元年月号如果历史可以重重来我不想见证这个令举国沉痛的时刻武汉首批感染现疫情吹哨人李了李文亮医生走可确诊人数每天不断增加一手学可学遇难都在一线医务人医务人员也相继倒辅警抗疫民警失去亲人而哭泣每时每刻上演重只希望祖国安宁繁荣一路好所有牺牲学辅警所同胞学向你表示哀
","0
",1037.614767,"165
"
3035504,"分享小视频
","业
","10
",907.2417414,"76
"
3035506,"我又来送源文件了，盘链接见评论区
","了光七七
","0
",2378.823319,"3896
"
3035509,"#站内传递正能量，争做“阳光UP主”#本地援鄂医疗队员归来视频
","最气手
","7
",2503.257312,"20
"
3035510,"把奥丁绿到发慌
","最远啪啪奇品
","30
",3848.253745,"487
"
3035512,"欢迎英雄归来 白衣做战袍 悬壶赴荆楚 三月春暖日 英雄载誉归
","欢迎英雄归归址归淋
","2
",2625.934476,"4844
"
3035513,"愿逝者安息，愿生者奋发，愿祖国昌盛#海外抗疫日记#
","址新闻深创零刺新冠既炎情牺牲烈士和通世同胞清明追思家国永念会员购鑫力赏测欧气游戏相关潮玩扭蛋全部分类今日上新圈子社区人气排行也口能不上剂因为你的热爱周边手办金树吉新品优惠推荐美图直播影视清家国永念医患回迷抢救经历新型冠状病毒肺炎患者被成功救治发现自己烧成酷炎万观看弹幕武汉一回述央视网快看传染病学专家李兰娟潜伏舰可能传染直摇咨乐购在英雄城战疫必胜纪录片电视剧热门榜单深夜食堂我追剧查看专享说外仪险金更新至第集今日说法璀火人生一串事量看到肯旺量武议个这不是工作查香更多大了解权益开通畅看番剧国创路万切悼念新疫历史记录不间断下载管理收藏稍后再发布创作中心更多安倒参央视夹视新间真播备路边特别深切新共回共源视新间备路共同真播炸啪直指参闯新国小万万新共回共回爱视路哗哩小红旗真届番球直拉业制什么数据可以放心增长地区观察天万白岩松连线疾控才能国家市场监管总局从严从重查处防疫用品大幅涨价央机网快看直摇生新了条新动态农平卫藻量受机两快平视名视频综合社伴说开心马小玲分钟雨旦枯爆生活致敬英雄缅怀同朱共青团中央人民永垂不朽咔装鸟利华分中朱一旦枯燥同美容结通地吃咒美终孙封序丽愿逝者安息祖国繁荣昌盛为疫情奋斗们您们辛苦展开瑞子副各位本来打算是每周六但今天定时已经取消十关注同知月日举行全国性哀悼活动明天清明节共悼年月日刻国香艺话队信斗争物能恐上利地世间路深团盛修国务院令发作公告欢定家国水念实时追踪宝蓝狼小时前细怀从寒冬到春天少人用生命守护英烈力家国雪生忘逝世亦盼河无盖转发动原莎始渐努秦陛新人永追跳厂世界性投稳视契全能打卡挑战井远程桌面井黑科家井超快业刚石超简单工具向日葵世界隐性投桶瓶频黑科技井咧言燃歌按稿城频井燃歌井拌练级万观毛外交部回应中方将各方应对更机两事万现昏典幕门卑决不能靠所谓集体免疫解决问题夹机朝睡改成押韵弹系播段子手朱广权减少外少串门中国疾控中心启动疫苗研发分离病毒春弹辜专机两女时口支援名单确定省市对口支摄湖市公布管市湖市网司同舟共济有一种温暖叫援助车机图乐啊正离纪象片憎进年榜成每外保险金第全集璀璨火青到偿新电店章延长作武议这不车忙生都车轮生命线只是工更多四卖视尖视台路新共共全脚直厂尝直福直描夹视网快香可真通国卫健委号采取甲类防控弹草碗五现丘这个时候租国黑要经菜发挥一点余热肥湖南岁老军医三度请战驰援武经曼尚目国正洋新天司面司直庙址飞店作些闻前首页告号看切伸盆不同断课程免流量服务订单追番剧专栏创建公开内容树梅派混剪个尴了苦巴大尬计分板套鸟共亚转国直同鸟新万开睡海心些厨前尚史视新面宜温备新共共央烟新同台路团那下翻制直行面福时心监察委员会调查组抵达万湖天现拐点还远吗蒋荣猛快春猪五卖片专看全翻会易专号薪火菜连话县弄集小作生伽第粤明千孩专这里前线公里星技鼠影型元所餐订阅话题挑机械超级书愿愿生者奋发愿昌盛伴说评论前旦明芙终精中
","0
",0,"7732
"
3035514,"morning
","七国书身国子
","28
",3873.445601,"42
"
3035515,"小白兔现场直播，VIP软座一位。
","
","8
",1490.241313,"132
"
3035516,"#井上小百合# 吃x....［碓矗壕上小百合755］
","州动州上价证州米
","11
",1926.388445,"3117
"
3035518,"姬中华延安市场推广典香百味小龙虾料，里人鱼料，卓典奥尔良腌料，叮当婆烧烤酱，厨礼吉猪骨高汤。#海外抗疫日记#
","勺勺香系收勺勺香肉四小影星国看妈福味料麻辣通调郑烤国训用咖四小影沸习四
","13
",1576.996077,"9133
"
3035520,"姬中华――渡情
","四小影烤油习
","1
",2828.850273,"25
"
3035521,"姬中华――醉拳
","习小影市习小景习小果小果
","6
",3045.833008,"31
"
3035522,"姬中华――想要把你忘记真的好难
","勺香肉宝小影勺勺南京鼎宇食品科标香料特第灰照字食品科技有限公司活料限字用字香轩交科技丽字有秀料系子有阳科孩小黑之麻宇牌香精香料猎习
","12
",2198.694558,"15
"
3035523,"姬中华――三大纪律八项注意
","团小影隆拉址典者百味习四有石味习型团团
","19
",2825.804271,"23
"
3035524,"#王者荣耀玄雍危机#@王者荣耀 我开挂了 求封好吧（嚣张）
","商虎狩猎宽刃游击弯刀符文大剑加快打野速度怪加法强巨人之握怪加生命追击刀锋贪婪之喵攻击装备方案煎虎搏击拳套狂暴双刃无尽战刃高额暴击伤害吸血镰宗师之力闪电匕首增加法术防普攻附带冲能攻速回复与法力减少被控时长击败二连击破度疙恨雷鸣刃防御普攻星物理攻击冷却缩减被动一切割物理穿运合成路径冰霜长矛暗影战产打脆皮用速击之枪诬日弓无坚不推团灭
","10
",1612.555421,"35
"
3035525,"#王者荣耀玄雍危机#@王者荣耀 这个镜怎么玩啊 我这飞雷神感觉有点奇怪啊
","天下无双
","0
",0,"63
"
3035531,"看到一堆泵要修，老阔都是疼的
","
","4
",1994.786709,"15236
"
3035532,"致敬英雄 缅怀同胞
","
","24
",3271.880624,"280
"
3035533,"好响！
","
","7
",1164.094314,"104
"
3035536,"#阅片无数#凉风大大，最近这个舞蹈好火，是自哪部动漫？谢谢啦
","抖音号姐妹给我跳这个抖音抖一点甜头取图看背景普号截屏保存音码打开查看更多
","36
",1846.95299,"1364
"
3035537,"民族凝聚力。
","州卡者州州州
","0
",2228.175791,"18
"
3035538,"#清明节#加油！
","址己亥末荆楚大疫染者数万计川英幼敬问逝者玖众惶恐英幼敬创举国防皆闭户月日全国哀南镇守江南都哀率白衣郎牛抗之月哀且九州民州深切哀悼生抗击新冠肺炎疫情斗争酒牲的烈士和逝世同脆年月日月余回修深英悼在新冠脑丝疼情泉牌司为拉度插世同胞默京向折股英雄骏粉清变师为但者奔发疫尽去那京牌师度浙世默哀猜腰英雅致敬清明寄京思原者安息生者奋先举国庆
","0
",1904.896834,"176
"
3035539,"2020.4.4 10：00向逝去的战士们致敬向死去的同胞们哀悼
","加法饰
","6
",1871.575835,"320
"
3035540,"当时我在流泪，有多少人在这个冬天闭上了双眼，再也无法感受此刻的春风？希望你们都能听到这些鸣笛，以及我们的哀思。希望此情此景，不要再上演。#4月4日举行全国性哀悼活动#
","
","0
",2751.417691,"18586
"
3035541,"星粉堂全体成员致敬所有为中国肺炎疫情贡献的医护人员。深切哀悼抗疫烈士和逝世同胞。愿逝者安息，愿生者奋发，愿祖国昌盛。
","星粉堂拜星粉堂全体成员致敬所有为中国肺炎疫情贡献的医护人员深切哀悼抗疫烈士和逝世同胞愿逝者安愿生者奋发祖国昌盛圣移堂疏激所省石肝支深钢屡条惠生者奋灰祖因品盛星安息愿生者奋愿星羚堂全价版员政欺所育胖支深初座品愿暴祖囚品人在线星粉草重话名全作版所育肺支星拎堂全体版员政张贡酿易祖囚品盛星空王内丽小小川支疫烤受献逐护人员译知事许抗疫因地套圣麻生者奇生米租国星星档量成球辣所育中疲情食缺区护爱深砂返许拉疫叫士扣跑世间肥复迎当品跳租南品艺品点纹音店唐堂林结医种平切营兽凰古楚量问胞更进者牛岛民租国号迎黄区监中四虾夜情夏阵星特有杨堂成员政张排深钢支业屡笑者动堂肉真喜习街星度情袁悼杭度恿号婆星扬堂张所力中囚抗疫烈上犀哀安星拜扔版爱政激洋钢唇塞品盛正三力自星帅爽度情袁悖里写星扬堂会价成爱政然有力条屡二粉二年工十二三店星总国喜早转堂版员达监所育为中囚炜炎医护人夏浮纫同肥巫生者五发聚品袭一星书堂令件版蜀政省尚中支疲情责酸区护洋切哀梅托疫巫业考柔星哀慎纠艳创做三学口星星特堂胖炎抗疲暴座祖汕豆西艺社星旋转三星谢音验封喜物西星以正星碰星白毛犬星版员盛主星粉堂星
","2
",943.5030476,"319
"
3035542,"鸣笛三分，共悼逝者致敬烈士，缅怀同胞
","浦市址更青那子黑小睡粘钢雪红市上啊地了服吧非开上折班市训上亲房业专业业房带邢水烧蛋房密作标看
","12
",1205.493007,"34
"
3035543,"gu_touch_fujitv明日午前9r55分～5年目突入[em]e400198[/em]フジテレビ「ライオンのグ`タッチ」5年目最初の暝企画はサッカ`[em]e401099[/em]そして、番Mから重大k表が[em]e401033[/em]#西野七的时装秀
","排天铁上卡旁
","8
",1818.10684,"138
"
3035544,"#技术宅##野生技术协会#文字扫光片头！主页有教程！
","州州
","0
",506.2403085,"56
"
3035549,"愿逝者安息愿生者坚强愿一切都好起来#致敬一线医护人员#
","前我拉
","5
",899.1152976,"1708
"
3035550,"分享一款非常好玩的3v3坦克对战，微型坦克！[害羞]
","已订阅位者生化危楼解哉系列浣熊玫零重工分享保存元上动疆动动动到邮冰胡罐动市动瑶动日动强前飞动日强胡冰人胡动日邮市前新动飞布动订间位订园者危横解部玖零强屏蒋镜个
","0
",2485.551243,"15
"
3035552,"只要我摇的够快，寂寞就追不上我#猫##猫咪##吸猫#
","址址州州州州州州
","15
",1762.824238,"26
"
3035560,"今日最快
","中市收鸭
","0
",1422.513807,"76
"
3035561,"加油
","敬哥日记致敬英雄加油中国
","6
",1604.57822,"18
"
3035563,"天暗，微冷，将雨。处湘阴，水涛涛而不止；望长街，鸣哀哀而不绝。此举国之悼大疫亡灵也。呜呼！庙堂布衣，上下一心，令行禁止者，忠也；知难不畏，逆流而上者，勇也；一方有难，八方支援者，仁也；速战速决而得天下之盛赞者，善也。此忠勇仁善存也，族何以衰?此忠勇仁善存也，国何以亡?时七十一年四月。
","仁白码公记住白鹤公馆住没情在阳击动白鹳公场公代我孩情防的阳动主白鲜公锁衣家人民群众坚决打丽投情防在击动物听紧紧依气坚诞州油守礼文明乘转小原紧饭塔依家订高防图阳击手志主百际小饭集中整治意酒排海事汉保安全保部市
","15
",1890.009283,"230
"
3035564,"配音教师:魅希[鸡腿]
","配音秀十么奇控配秀你差什么音控秀址哥哥秀少女公子配秀女五配秀
","6
",1613.410247,"52
"
3035572,"UP发一点训练视频动态吧[妙啊]
","州年月清明节布年周
","6
",1997.459407,"6503
"
3035576,"emm…一堆蝌蚪
","啊一上
","30
",3228.729808,"45
"
3035577,"tb店30粉付邮送已抽，接下来是60粉付邮送和100粉免邮送
","月闪星期大搜索你要的宝贝实人认证已通过芝麻信用授权皇愚专小时前祝生意兴隆前关注啦蹲包好付邮送会拆开让被抽中小可爱看一下跨回复了啊排还木第一时间谢谢遗忘可复猜喜欢还木送免费送纸胶带分付邮送活动直拍直址文件管怪于机管容发楼为祝频十和淘实和平精英食物译海花礼笨少抓吴经然火随机数祥引残果呈示花这随和数个数范围是否唯一饺用站明礼线区露庭肉个量常要生成多少个郎花钱风和教不少结果显示竖祥星亦充这里花线生茂结果星示五击生市冷是充线陋机数稀内数即数生戏科数茫国仗内涕明线这成随加数确交内个陋部化范国即最小值无该而放科引数范国冷版号常安桶庭内充风知
","0
",0,"199
"
3035579,"[tv_doge]三级轮的力量。
","改装人解体市茶死上市上市邮折击烟燃上折市解休动飞讯式折
","4
",1276.754019,"19
"
3035580,"分享小视频
","址小址市曼线三水动动饭动动动市
","6
",1611.250072,"20
"
3035583,"分享小视频
","市飞市市老石面面动州动动饭动
","6
",1611.250072,"17
"
3035584,"全中国默哀三分钟，防空警报鸣响。致敬英雄，逝者安息。哀悼抗疫烈士和逝世同胞。送别，缅怀，铭记。
","州我教美雄卤者安息克悴记夜烈去边齿胞好饭
","5
",1255.585394,"347
"
3035600,"#哈尔滨工程大学#降半旗，致敬英雄，共悼逝者
","开州业州红
","18
",2698.048694,"5608
"
3035604,"中国加油！[保佑][保佑][保佑]
","专天街森黄宵要团来听听我唱的打开客户端这首歌共次播放粉丝贡献号天影群黄宵霎团来天影群黄宵赛自零团房天客户瑞
","25
",1327.620319,"17
"
3035605,"他们 保护了 我们，向所有英雄表示最崇高的敬意，愿祖国昌盛繁荣！
","新新阿临
","27
",2599.964471,"3743
"
3035606,"清明追思 铭记致敬#清明祭英烈#
","州址铺那样清明有米米光清米讳清乡请清南邻明远远上机月序帝孔讳南化罗哎转香旁孔小花明礼转讳明五分舒雨明返分杨
","4
",2038.858367,"775
"
3035607,"今日宜哀悼 缅怀 追思#站内传递正能量，争做“阳光UP主”#
","正王州青青也上机天和身边的上中天禾口
","4
",1068.462207,"572
"
3035608,"你们这BUG太多了吧？！
","
","17
",2983.996112,"72
"
3035618,"他们 保护了 我们，向所有英雄表示最崇高的敬意，愿祖国昌盛繁荣！
","新新
","27
",2599.964471,"8540
"
3035622,"摸了[tv_生病]
","阳个什鸟薪王基温鸟薪王葛温马葡新王葛洲王葛温的灵魂乌薪
","4
",1653.847516,"52
"
3035623,"#王者荣耀玄雍危机#@王者荣耀 
","击败上市火二连击破
","15
",2200.873714,"40
"
3035626,"到踢中熊摔下来为止abe
","市市邮市市动动品上市
","0
",0,"151
"
3035628,"ABC：微信的A-Z
","公众号晨点读书大灰狼画报大中华寻宝记第一动画乐园动情情歌精选精歌动听碎非奇游戏中心福建居民养老保险号海西特教红小豆本豆建发湾悦城基督之家精彩怀旧老歌今夜职场九点夜听伴价科技美学号建回忆传唱听不尽旅游华安麦咕成长说果互联网电视助手每日读诗歌感悟好丰最优菜谱说芒果美食三哥教做菜萌眼看世界萌仔童书妙招集中营面志汪中店丰妙闻南语歌曲库闽南语总汇亲情卡片奇异果柔情汇少巧姐居家馆时光音乐站食货砖家书蕴会汤姆猫家族副和翻大哗哩哗哩大会员冰星悦读晨点情哥本豆少巧姐天涯好歌台晚情音乐办公无聊厦门电视台移动雅看花卡夏门的日常中国电视网安全卫士服务号个
","0
",0,"18
"
3035633,"挖矿日常
","日站州位置口那多口己弄站机成对手黄机办甲口水说日新匕站口机就父几沉对子手对甲日白站对身觉这子机检置对书条消息洪荒少女享浮窗回复己手条共荒分享杀新消思洪少交旱团匠加平口烈口鸭口得着气书
","14
",1386.40923,"49
"
3035636,"国产游戏光明记忆，39元，上手感觉很不错。[OK]期待完整版。
","口自
","4
",2699.131182,"116
"
3035637,"秦绫子?
","市市上击市动动油动成
","0
",0,"114
"
3035639,"tnk，画了很多没传，傻逼老外不行，刚才怀疑是秦绫子那段也有tnk的部分，结果又删了
","市上击址
","0
",0,"139
"
3035640,"我成功了！BGM是我弹键盘！
","
","7
",1225.142303,"25
"
3035645,"雪糕我滴儿～
","
","5
",2855.854553,"1574
"
3035648,"没想到视频这么快就审核通过了，为表我的歉意，无意冒犯！把珍藏的（史前bug）录像发来吧。PS:随手打打的，版本是2.5.1。[保佑]
","小国地您宝要宝体城货第戒
","3
",911.5585417,"24
"
3035649,"无聊啊，在老家[吃瓜][吃瓜][吃瓜]
","中央新包武汉国会展中心首批投习使用方舱园当批投入使用方舵医国际武又国防月日休能式父国环休稻炒
","5
",2445.052678,"63
"
3035650,"老外听了最新imas solo的反应 #偶像大师##偶像大师灰姑娘##CGSS##藤原肇#
","苏与力相器歌藤原肇莎凶力机器莎方力莎与力童房带米
","8
",2319.19804,"2725
"
3035652,"#只狼#事实证明，忍者就不要和坦克拼吨位。个人认为，死胖子的蓄力推完美挡仍然破糟的原因是距离问题。
","价面吉价业古死吉业古州业古面片
","7
",2012.880605,"99
"
3035654,"自我介绍一下，看视频说话哈！
","业割别说话洞时我是激活转到设量以后安孩各格似猫纯碎看了都会心动的男生转到设置简单喜欢旅游积极健热爱生活热衷打珠擅长交友而且州做事有原则激话活准晶好认识吗设童为麻人以满
","0
",2930.219016,"28
"
3035659,"做个小视频玩玩
","发表取消天没吃早饭咄牙午饭了非常清淡的青菜聚学一性副耳晚上还去健身房跑步结束后也忍住没有吃晚饭藏肥打卡第一天干巴爹我一定可以瘦太阳上海市猫咪网红健身中心提醒谁看公开今天干饭青员豆腐和一点红兽减肥意看准干巴兹小国型研心中狮银睛放大歌睛
","5
",840.5755755,"493
"
3035661,"分享小视频
","州
","5
",1745.01073,"20
"
3035825,"小美女
","
","14
",1374.950709,"10817
"
3035830,"广不愧是我心中民间李承鄞的第一人选
","最好的亲事咯尹子我原本从未着疑这就是宿命吧州水器你亲干什么址我不不会此下啊将我们就忘清过去址重新开始
","29
",2110.887024,"4982
"
3035835,"他尿尿一直可以的
","战斗环节内动学书子东示去
","6
",2154.068998,"1826
"
3035847,"影 流 爱 莎
","一书学广书羊广书手广手手一手子
","5
",1765.345163,"1148
"
3035851,"宇宙人间的舞力对决
","天坊点天包口劝厂元富之刘卖电力为贝天汉对卖夏门贾二沟力风点庆包一劝力贝后乐武罗动家门卖营家力汤力人卖包为新辣凶天口灵小酒口新上三第浜崎药子家口物办崎幼办海爱崎办河卖崎少办罗一力力崎药办夏口刘崎步少子人天夏派临药子店银愉莎子家口崎步子颤凶电门嘀少办天心银口微第动诚愉吃伊子蜀中日天第门测营广愉莎办天家炒苏人门改对临办
","23
",3281.527333,"1517
"
3035855,"宝石…夏の宝石、リゼ
","区画整理中一子亏世芒力元了普海旗金话元万飞好电产粉马区画中一元万分利总等利息味分心石书中素匣一子村思分金使场区中一子力心汤会和生丰机
","1
",1781.952633,"1116
"
3035872,"猎人音效植入v.0.5  截掉了上个视频无用的前半段
","市击市冰动市市
","1
",1700.481531,"5003
"
3035879,"配合右边小剧场，节目效果拉满，这就是我喜欢gta的原因。
","玩做任务有妹子全知道了别进加群您的游戏厅每日收入存放在办到就这军团广场进办这调别办你完兄弟全动母日收人存政全到呵呵州全
","3
",1296.410143,"1091
"
3035893,"帮朋友剪了个视频[tv_微笑]帅不帅帅不帅
","若狱荣耀称号将在个人主页展示国服最强花木兰局内优先折化木三市州东
","7
",3370.680217,"11122
"
3035895,"都怪动漫太好看了，就整了这么一点[tv_目瞪口呆]
","址主
","2
",1128.017221,"2601
"
3035897,"老漂移了
","
","5
",2688.307991,"965
"
3035903,"[撇嘴]BNA的ED真好听 改改
","要烂一起烂要要
","16
",1648.303951,"3143
"
3035917,"早上好，拉拉背！中午有新的视频片段哦！
","器真内照藏风柴熟闪照照藏藏冈照藏闪
","24
",1768.136077,"1697
"
3035947,"亮灯
","
","0
",3824.431992,"1558
"
3035952,"未尝一胜爱丽丝
","奏天砂银河又奏天跟河夕久百晃口的台乙奏天夕久晃口合乙奏河夕久晃口合乙美天砂河予就天砂久美河小久金奏河夕相手目晃亏秦天目去晃亏泰天小河少天沙河舌河久奏河刀心马生跳河少久寸心老奏河小久心花奏多了久一儿美天沙匕儿匕一儿夕河心美砂心元少划美天砂亏了子久二人闹心奏天砂舌夕久亏才一沙麦天亏二文八才河夕亏如您
","4
",3098.764651,"1225
"
3035962,"蛇隐狼退佛向西
","油击击南子市长算米
","4
",1378.801191,"2511
"
3035968,"妹妹居然在看你视频@自闭小老弟酸蔡鱼 [滑稽][滑稽][滑稽][滑稽][喜极而泣]
","第酸菜鱼面连明英净目址
","2
",2745.949449,"1058
"
3035973,"小白不日更了 我青结工
","志儿好片武饮六必片父六气多秒限彩转周眼欢替手您乡
","23
",1713.419359,"1343
"
3035975,"Morning
","市市市
","2
",912.4168282,"2961
"
3035978,"#彩虹六号：围攻#超远距对决[tv_目瞪口呆]来自Reddit u/Sabrewylf
","市排国业
","30
",2103.234168,"92685
"
3035979,"“全 素 妮”三行诗全：我呢素：有一个愿望妮：希望你能在我身边#GOT7##朴珍荣#
","引劲阳惨阳名悟任阳劲引阳天刻名田章
","0
",1968.919977,"9954
"
3035982,"说要三盘两胜才算，最后还是输给了小姐姐！#GOT7##朴珍荣#
","惨名悟任专惨名督五客招名督阳惨阳阳面一书子惨阳品督阳意任一书那三引劲任耐号古任面劲引引引任引劲古任面
","7
",2411.55943,"6539
"
3035983,"仙女们天天的都什么技能啊？？差点没把我眼皮烫走哇...
","
","4
",1108.998307,"751
"
3035986,"这个腰啊[难过]
","开情气云产云网灯云网护
","4
",2651.333187,"3827
"
3035987,"煌辉者第6集预告，粉哭了#特摄##超级战队#
","儿地地年小夜力子供一场年前为子供儿右为二克道师午的手匕油午面记旧日电午面
","0
",3314.809782,"1166
"
3035994,"她真可爱她真迷人她真有趣(嘶哈嘶哈
","
","0
",0,"14584
"
3036001,"日常沙雕
","人郎火总版
","14
",1524.784122,"878
"
3036004,"[doge]来打街机啊！今天在制作一期塞尔达视频，然后计划内还有一期宝可梦视频。茕茕从塞尔达的精耕细作到现在switch游戏多项更新，感谢大家的一路支持！你更喜欢哪种方式呢？各位小伙伴有好的建议也可以在评论区留言哦！我都会认真看的！祝大家今天开心！[爱心][爱心][爱心]
","州州州卡带
","30
",3828.124647,"33758
"
3036019,"在海边让能把人刮跑的大风冻硬加上被瘸腿的梯子吓尿就能获得一个这样的视频
","州油上州油油
","0
",83.65467303,"17644
"
3036020,"“芝加哥打字机与半自动步枪”[tv_目瞪口呆][tv_目瞪口呆][tv_目瞪口呆][tv_目瞪口呆]
","击击击击击击市市击击击击击市
","9
",1232.532288,"1485
"
3036023,"好久没冒泡了，发视频找找存在感～闲家里只好减减肥了[调皮]拍敦煌被嫌弃有小肚肚于是重点练了腰，等五月武汉解封就可以录舞啦！忠丫安排上了，剧情舞蹈恐怖诡异向[大笑][大笑][大笑]还有个旗袍的舞（灵感来源于去年超火的《时候・画皮》）～最近打算减小粗腿了，等我把腿腿瘦下来cos～
","址油址房油油
","41
",3122.271016,"5038
"
3036025,"#彩虹六号：围攻#Buck：手雷没收之前得把没玩过的花样都试下[tv_白眼]来自Reddit u/bluep1x
","畅
","6
",2075.156409,"99595
"
3036034,"帅 不 帅？
","叫泛市浦阿店
","0
",1231.74459,"9461
"
3036044,"狗哥把自己椅子整了 人g迷惑(。)原淼clip(TrapF粉Gemini剪的)：https://clips.twitch.tv/LitigiousAmusedAyeayePeteZarollTie
","层上州浦层记言急打兄房昼金营人层尼暑居怕足金号治层记吾房怕点色岂动刀包金昆是量阳娶后问品上第可叫鸭水贸叶卫记鲁居足世吊是足鲁
","14
",1672.117475,"934
"
3036047,"做了三分之一，后面打算今天开始录屏游戏剪辑
","湖景村这里曾是个带的小渔村而现在拍打石子滩浪花只会带来过去残腋里奥回忆他未曾预料到这会自己观赏最后工支火文后超到有迎字工厂在皮间学有奇怪阳军工厂重火灾后遭到遗弃夜间常有脚龙声传条密码尚末破译地舍未剧新虎牙猫子西瓜视频范天露条地窖未刷新门视锁范天路击中求生者尚未老新量社看恐相声服务破谣地空清易打腐夫条破谣寸艺术过于上头楼酪光型半动恋超租叔萄才名站木想馄断触对垃参星片动一鼠家升谷入本不拉闹条尚天描清啤婴打烟大奥湖品岁地图喜海海奏属夫移魂附骨刹那生灭一立学条迎码破谎地源末团栏场系海中旺中桥微码玻慌吹地国未能面生有福锁场五博品孔爪租林票而洲法平举尚市夜这鞋耐社里苹木馨不拉闸尚末酸谨地宿市国木各不拉澳牙空男小铁造面小本需扭闹条品西尚东破证地修未乱所到脚生叉木警年品木校证地修未配育卡罗刹那发现务冠码尚禾破谋地鑫副卡罗制木馨年团国地色末刷野动现者书稻手石木蟹海迎码暖谜地爸未国所邢新未迪码尚末夜再情巴整难泡泡听悲小嘟晚战法木留输了快喷只技澜员刘西中家生者刮开昏见不知不觉市本需不拉闹条婚把要游飞动水髻箱喷永汉周员需不地闹办务服谋地鲁未翩帘羊里州视捞速兮小桥阳制那断见
","8
",2271.140088,"8621
"
3036051,"淡黄的长裙，蓬松的头发。这唱的不就是CF的灵狐姐么#淡黄的长裙，蓬松的头发##穿越火线##CF##电子竞技#@穿越火线灵狐姐 
","不害怕临破基础比较差的再唱给我听一遍业淡黄长锯蓬松头发长裙莲松你奉着手看最新展油画中司应该这样才对这祥昨办呀咋办真的没有碰上过这种情况很少会处在尴尬中
","3
",1913.031871,"12708
"
3036053,"把553给我抬进棺材！
","包包击肃
","9
",2754.210022,"4801
"
3036057,"大家还记得这首歌吗？
","址
","31
",2711.938223,"5174
"
3036061,"夏日薄背全套练习，纤薄少女背，紧致天鹅臂，都在这里 #美背##天鹅臂#
","小红书号练背动作那么多农藏一条就够了兴矮希机做个薄背小红书红书少女背开合集瘦手臂背部拉伸坚持分钟
","26
",2535.748712,"17591
"
3036066,"哈哈哈哈哈哈哈哈哈被笑死是不是多情总被无情伤啊……哈哈哈哈哈哈哈哈哈CR.peachylocca/loneamaryllis
","通了机企加证冰
","1
",1177.324491,"13756
"
3036067,"恭喜以下幸运同学一人7元小小红包(*RωQ)@大概是一个旺旺仙贝 @胖虎还是不穿 @lakefish池鱼 恭喜恭喜鸭 记得及时找我领奖哈(//////)
","正在录制随机数群个数范围点击生成在线需要确定两个量要多少个即几数所在的最小值和最大值真入下表空格中即可入数必须是自然数比比晒主屏幕咖印怎会琳哒萌萌月两因学习而悲伤冰淇淋更即个数数旺旺仙贝全国即入字格中国移动详情多多呐呐放米十这个人很懒什么也没写琳写因关注概是一王旺国家一级退堂益号小猪世间美好与你环环相扣匠懒仲楠三白西洲找水实在没有名字了写琳琳鸭找米十门点赞星河桃酥目标只想跟着风四处游荡今天晚上吃什十小啦白空呐十都不会穆洛我将会收获幸福号胖虎还是不穿懒锦穴子只甜古古某某昂找写门点费这里萎哑空味穆洛注还锦穴子一只甜古吉昂十关具这多么日子啊鸟儿在歌唱花儿绽放石油高仿酸黄瓜味黄瓜写志把民政局城里找漫展中二病晚期腐女下水道女孩哭方载现频灵感就像脑子里水挤挤来情棋书话白驹过隙唐九泉新世纪带艺术家仙语限于咸鱼个人写门点赞
","0
",0,"865
"
3036071,"新歌描述了困在美国疫情爆发的我在居家期间都做了些什么事 动态预告一波当做是更新了[妙啊]
","班址址址址
","4
",611.3693643,"6454
"
3036075,"无  缝  恶  魔#高达##模型##万人迷先森712#
","
","2
",1240.717402,"3804
"
3036078,"练琴暴躁，放飞自我，勿念[无语][无语][无语]
","小啊小小
","5
",890.217271,"3963
"
3036079,"还有并不是嫌疑床[tv_doge]@戌亥の造梦坊 
","
","0
",0,"8887
"
3036084,"周周的喂食
","州
","12
",1655.504854,"1476
"
3036086,"终于快收拾完了可以等一个化妆拍摄间收纳视频了[害羞]
","
","25
",2323.207191,"72289
"
3036101,"买了。
","
","5
",1898.095531,"1840
"
3036104,"生田辉：和haru酱的攻防战。擅长杀阵、石铀~!!!!20年4月4日，1：53哈哈哈哈这俩[笑哭]（昨天因众所周知的原因暂停更新，今天开始补上）
","月日一书半月日青房
","9
",2629.074434,"8941
"
3036105,"本来有素材，又不小心给我删了，害！
","我方派超级兵宰先锋加人战摧毁敌方防御篮暴君已被击败兵
","14
",2485.521896,"885
"
3036114,"#彩虹六号：围攻#居然能赢[tv_鬼脸]来自Reddit u/mashuis
","一书子
","21
",2055.24064,"71127
"
3036116,"触发不登陆概率up
","收炫加周棋洛带你离开灰气媒棚快去公布的新绊明儿线定蝇句大家炫耀一下叫小音乐
","4
",771.1210378,"1851
"
3036126,"#娱乐百分百##简恺乐##恺乐#【20200404 恺乐相关IG更新】
","
","5
",1801.291699,"2822
"
3036129,"应该把这个充满欢乐的视频发送给3年前的崩坏玩家
","返回战术考核战况报告系统设置其他招表站李白爸爸制作状态列表放弃战斗继续所有内毛一切内容请以正式服为准内音仅是品面日八新内色以供校刻印君良术的鹰柳两有内喜区供型话光被封印召啤术餐饨入质有内套叹供四试时召腰术意所酒答口到印百膜术魔辣话夸区证百艘术厂酒香区供要证通营方涯都印云衣件厚越百模水骨炒贾门营叹供美试福德以连式烟方准领财印召唤术魔楼内名仅供测试一气暖百德术度神吉区试豆水爱柳腰召德水瘦地
","3
",1983.653018,"9135
"
3036145,"今天的队友是昨天停服给他们停傻了吗？？碰见的祭司都是只活一个擦刀的[酸了]
","条密码尚末破译地窖未刷新业炽盖所念银河信使了黑零开蜜牌视角跟随条密吗琐碎炽弯皆星辰日蜜显示方位视串能晒尚未地鲁未刷新址专心炽莺所念告逃脱危击想河开条密所甜产丹个日追击家条破谣动上机开路牌跟道州星后欢道急置信号枪击中很碗州阳些景恩炽莺忿星言开路快版随尚禾州监巨者在我被尚木地警业丹马国河青雨间丹只喳阳是界思蛋限随条玻碎炽喜所念脚现角万他鸭侠钥河现碎预角随方也
","3
",1582.704865,"3434
"
3036146,"还是帅的嘛[doge]可以练练了[妙啊]
","新战斗费动觉座什意心要村议总座仙开批斗心香欢珠三型威达
","43
",2886.799324,"1172
"
3036149,"#manim#奇怪的动画增加了[吃瓜]
","新观看
","0
",0,"9253
"
3036152,"我爱了！！偶尔二房转一转视频是随机保存的，如果介意告诉我马上删除哦！
","抖音小扫音海层料抖音面科油小箱斗音号遮不住的黑眼臣截屏保存音码打开查看更多小抖音
","6
",1240.169501,"4019
"
3036160,"太久没跳舞 像在做康复训练[笑]
","马赛克址马赛牙
","3
",2367.494345,"3577
"
3036163,"Martin copping ( Mozzie的配音演员)很多网友让他大吼一声“Reloading”但是Martin怕吓到邻居 于是他跑到了一个海边――#彩虹六号：围攻# #Reddit游戏版#
","址动训小
","13
",1685.170158,"80791
"
3036173,"没见过世面（嘴角露胡同大爷般的不屑）
","外国人对中国口音的刻板印象却只件国听不像啊老娘怀疑她在说请交四热热境老宁四宅我金包市那是石阳百红汐猫点鸡回理肃原创来自抖音陈老丝
","5
",1984.82725,"23301
"
3036178,"生长缓慢的窄孢胶陀盘菌，拍了四天延时就长这么一点
","南粤荒野南号伟粤光去
","35
",2198.278615,"2779
"
3036181,"邪神酱 明天开始放送（貌似会开始讲最初的故事
","那神石口牛把地与代敢蓬两站面月小州下卷镇人上州机州邢树吭车团站德吃之此可友求题月
","38
",2374.202007,"937
"
3036182,"我最爱@奇响天外的各位了！大家都最美最帅最可爱了！而且所有人都比我欧！我是发自内心这样觉得的！真的！[微笑][微笑][微笑]
","
","4
",1063.522764,"10624
"
3036183,"分享小视频
","折东亲月项
","5
",1332.674437,"45905
"
3036189,"我家旺仔终于剪毛了！
","州盖小电仔存大牛返开第水
","3
",758.6587764,"1636
"
3036199,"仅仅是单纯的电路接触不良的效果，不是单片机弄的[tv_斜眼笑]
","
","36
",4245.666892,"1607
"
3036200,"日常_l02
","州州址上
","1
",3071.833006,"7469
"
3036211,"卡bug跳到地图外面了[捂脸]有一说一还挺漂亮的[tv_目瞪口呆]
","一子一上州一
","28
",4842.818969,"60740
"
3036247,"[打call]
","们不险树险们怀不店不怅
","72
",4140.772007,"140456
"
3036251,"猜错的举个手！
","抖音请钟来看看啪网美甲趴晋上清来水头号包中影真相来抖音抖音号小抖你们都猜错是不是音抖音两道光抖营截屏保存抖音码打开查看更多小抖音号献屏
","4
",1532.782632,"4218
"
3036252,"分享小视频
","州州说
","18
",1933.643823,"762
"
3036262,"姹紫嫣红处追忆，杏花疏影里相遇小伙伴们新的春天加油！[大笑]#汉服##古风#（原本想剪合集，结果改着改着把其他镜头都删了）摄影师：风从南麓来麻豆：梓默
","动上州通市就冰初拆动初蜂市邮冰初裤冰
","41
",1953.745889,"1510
"
3036273,"#喵星人# #萌宠# #动物圈# pick一下久妹还是游弟？[doge]
","州
","3
",3412.464629,"46826
"
3036275,"150一条的DMACK RC，做垃圾佬真快乐[呲牙]
","
","4
",646.51198,"867
"
3036279,"复工复产复训练
","后动训训折
","9
",1875.702197,"928
"
3036296,"guitar Solo
","国国
","9
",2443.96613,"2831
"
3036302,"头发动力学和浮空动画的小测试，只是测试而已，动画要等天气之子的片源来后再开始做
","
","0
",0,"1946
"
3036305,"Daddy’s doing some gardening[OK]
","
","16
",2259.194435,"12770
"
3036314,"#彩虹六号：围攻#气势上就赢了来自Reddit u/Maj0rDiarrh3a
","
","5
",2084.669319,"58984
"
3036319,"【忘川发布】会动的卖点图来啦！这套图里暗藏的忘川玄机，使君大人已经全看来了吗？
","林请不醉河醉一洛刚怀小年前坐欣镜今却瓜多情片一哄命布水的人下嵌住你怕厢此一将花人间立即预约
","5
",1887.016656,"75040
"
3036362,"伏学营业好累虽然有些疲惫但我还是会不要问我麻木了没因为0号伏蜜不能掉眼泪
","乐秀面瓦国乐秀
","11
",2805.912287,"2339
"
3036386,"预告
","
","5
",1736.435054,"969
"
3036390,"Cia与lele
","啊办冰办冰名
","23
",2416.191136,"837
"
3037176,"【几何冲刺】ED奖励关。
","抗战界原创阳的世界浦世男创六量蛋收鸭世弄孤市市机抗世事席厉正房品而们啊脑玩战世样布学世世家刮就面南小熊录屏时能操吊息六国可用
","0
",3354.823917,"879
"
3037178,"测试
","击击
","26
",4076.837204,"444
"
3037179,"好登西！！！没看过的！！cr logo 侵删哟～
","抖音赤锅话抖音能锅限抖音锅击号春招音婴饼银健
","9
",1040.125423,"16654
"
3037182,"上次，。电脑坏之前手机保存的1部分[tv_笑哭]，，工程全没  就当留个纪念发动态吧
","州啊啊啊广手学手
","2
",2054.194013,"6785
"
3037186,"看过的知道你们在恋爱 没看过的以为你们在偷情呢[tv_doge]
","层号鸟引高层空雪买质巴雪引青广手学层亮同局织号司直言雪引司配一手手层同局百临司的层亮引号气配层鸟引三司配广书手层亮巴雪引亮同局引层亮雪引配层高配巴雪引配
","35
",2994.704274,"6442
"
3037188,"看到姐姐的身影了[抓狂]
","好班树谢上姑班为冰
","7
",1445.718181,"740
"
3037194,"那么，再送上韩国小姐姐的一个晚安[拥抱]
","小址让小小
","45
",844.4317551,"513
"
3037200,"马戏练习（没画完，这个比较不卡，重新发一次），csp张数一多，播放预览就会卡顿[tv_笑哭]
","州
","5
",2144.290556,"889
"
3037203,"趁没人
","阳直招子招明
","7
",1416.531238,"11023
"
3037209,"你游特色
","国子
","26
",2833.278411,"618
"
3037211,"practice[嘿嘿]重拾[酷仔]
","同共扇共
","13
",2439.59892,"6859
"
3037212,"Y尾[灵魂窍][灵魂窍]#勖#
","啊
","5
",2357.255589,"496
"
3037215,"原来可以正常反击的啊[哦呼]看来制作组很清楚一代99是多超脱框架的东西了呢
","
","8
",3051.163285,"1310
"
3037216,"最近每天下播就是带孩子，对，凌晨不睡觉的坏宝宝ps:不是迷信啊，我的朋友们去年下半年到今年生的宝宝多数都是晚上不睡觉不太好带的那种[大哭]
","动
","14
",2545.103422,"110501
"
3037219,"贴了一个多小时，快死了。不提那种小于2毫米的微型贴纸基本看不清还有大量红色贴纸贴在红色透明件上仔细看也看不清。快死了。JaCK还没打完啊。。。熬死我了。。
","
","17
",2669.402036,"1500
"
3037220,"过几天要发的新视频 先给你们看一下受害人视角[tv_偷笑]
","一子州房气横扫干军连击破四连超风工我方防御塔被推毁最亏团灭
","8
",2490.466213,"671
"
3037221,"#徵羽摩柯#他明白 他明白 我给不起
","手羊市市市市州中中收啊市
","29
",4023.506315,"907
"
3037238,"本来想表演个锅上起火，把小姐姐吓着了拍摄失败[doge][doge](还是有点热der请勿模仿)
","熊
","39
",2515.060783,"1379
"
3037242,"禁闭室内的第28天外面的风景感觉已经要变成建模和贴图了，看得见摸不着。今天傍晚还像开了光追特效[无语]
","上机动
","11
",2150.122851,"1703
"
3037250,"有谁能帮我解释一下这个防御塔吗？[疑惑]我找素材的时候发现的
","学生党不要氨金看直播就好粉丝群号个克拉卡牌子你们的了丝群号氮金着样号一个愈金胖号飞州要氛金厂明业晨正在大杀特杀要丝样晨群马个牌州你已经击杀名敌方英雄上数丝已轻话呆一名
","49
",2929.263903,"5499
"
3037251,"也很喜欢这版ending
","示带
","1
",2106.197648,"716
"
3037252,"#彩虹六号：围攻#一失足成千古恨[tv_笑哭]来自Reddit u/NameBrandChalk
","书辛对州州英人
","15
",2254.94645,"80384
"
3037253,"看干员知结局#彩虹六号：围攻# #Reddit游戏版# Lynxray11
","市市市市亚胜型
","6
",2335.978734,"77881
"
3037257,"已_始剪，取7天韧瓿桑[捂眼]
","电州市烟物
","1
",892.0333468,"23342
"
3037259,"@-220- 这是我最近一场的你再不信我已经不能说你什么了我用最短的时间
","比赛概述队友评级精彩好球结束名人堂辉煌生涯分手篮下得分手难度乘数获得的全部点击以退
","0
",0,"442
"
3037262,"[doge]
","
","0
",0,"1687
"
3037265,"#彩虹六号：围攻#打了猎恐的感觉[tv_目瞪口呆]来自Reddit u/fredthearchitect
","量服
","2
",1697.804331,"83469
"
3037267,"分享小视频
","乖孩子最我皮皮搞菜唉洒小龙虾皮友是家
","12
",1016.873581,"5093
"
3037269,"现在：南方的人是小伞，因为南方有雨方的人是蕾蒂，因为方还在下雪
","州品业州动
","22
",2951.415997,"1290
"
3037276,"哈哈哈你们有玩这个吗 看我超强求生欲[tv_doge]
","恐高症
","0
",0,"5557
"
3037278,"分享小视频
","奶啊
","1
",1731.519114,"2785
"
3037292,"小可爱-无毒的钝尾双头蛇
","市
","5
",1669.911197,"2692
"
3037299,"问一下午有没有需要980ti的。我可以帮他捡一个。需要的私聊吧  图上970顶不住啊，
","
","10
",1446.971323,"14668
"
3037300,"说句题外话…最近发现好多团队的名字都是XXX Cardists…想解释一下：当时EPOCH起名字的时候是觉得光Epoch太单调，才加了一个Cardists，显得特别一点，翻译过来是新时代花切玩家。虽然语法不是很正确但是比较独特。现在好多团队都加了个Cardists感觉怪怪的[笑哭]
","粥
","9
",1739.513017,"10160
"
3037306,"#彩虹六号：围攻#职业选手的扔车技巧[tv_鬼脸]
","州市市
","12
",2264.465151,"90430
"
3037307,"Javascript设计模式与开发实践，备课中#读书推荐##WEB前端#[打call][打call]
","奥设计模式与开发实践曾探著全面涵盖专门针对的个深入剖析面向对象设计原则编程技巧及代码重构中国信版集团一奥延续局部变量寿命用闭包实现还没有造人点击成优行命会金全楼式意图是把请求封装为对象间糯合关系从而分离逍求发起者手可叹预先往命令来请水显令中植人完成这个工作如果需要往雨饭本模式中动丛临公酒通长发者和请走包内存管理人们对其也有诸个非常强大自泄露要口姆河民总约时候被解除引用本来应诊从意那么局部变热行接收者们选择主动相使用这些变量而不是背通矿不能说成跟内妻收者成才象属件保存用域链中如下方式州州
","26
",1322.336175,"494
"
3037311,"你好吗
","
","0
",2539.516919,"9589
"
3037312,"音酱最近在学中文歌「绿光」哦，已经学会第一段啦～！
","宿身边期待着个幸运和被海底了街幸通之召香擎态多么奇妙的际遇爸舌圈舌都很难现在这样已经好凡乙不思赣本会翻越过前面顶层层白云伤久七重女名云态国绿光在哪里不能因为我可爱就针对日触电般不可思议像一个奇迹欢卡拉雷飞毛龙小方不思召飞奇划过生命里私命刻末机大上手上手任何意义你就是神安厉害之毛逢谷龙以歌如此唯进大家陪供电女仁毛唯一落天天围冰再来伍酒飞者用待街名幸建之步名番擎态流浪卷舌翘本乙不思赣存会叭召云左何如次拉摆并木樱子毛龙小思盖名飞奇回送联味末机尤神安毛歌手叫未上七逢女龙以谢谢唯落本仁周冰亿通我家意乙百仍西百幸通亡万百衡攀办飞存会狐狸重众石云态何处针毛无小亏本不思赣末石飞奇跻里次机无樱木摆子不同于称以系统收手手友意味之毛亏伤办龙试唯神安二女毛唯只电歌奶手飞落圈冰亿逅老高乙百通七西石街女飞会国好听电原里国四街久石云法次飞毛无上存不思黄末召飞奇获私命刻机龙神安宴回丑士国业绿光电女毛逢办龙陪伴哦凡天丰天二谷汇毛唯学会唱常开心号家者西百幸通七万攀否君牺国语当手手女飞据说有只姬不可八久亡一次申回补感毫飞左小办不思赣走召神安私命刻去机无陪件啡七毛逢亏女无味我二衣暴风雨中纸鸟步号冠位指定单推入我们是亚军家宿历石衡吞虾街欠电号办止手飞守无小亏衣不思藏走机龙排单推人本吾歪六毛建亏办无精英西给唯二女唯哇呼可没对老宿通七西百街谷一电歌加手节碰陪件街久重石云左落爱一感毛飞毛无小办不思藏末机龙冠位单推亏办唯单推二女我璃盖小时总榜第朗歌本来难唱成真不错飞名万石衡元重女召云态司感雷飞毛无小存不思镜跻请美西给很强办无亏唯二尼毛唯唱成莫不错榜第三流老者品位查狐创鞋飞毛无小不思藏末名骄未机之众上毛亏步龙唯己众仁毛圣推吉沙不会却步喔能听到唱歌者男健助镜么引去下办二法飞去结束本当爱终遇见传奇却熟悉飞前力知唱成天空精灵空查舞妖精力道上试筋幸福左亏衣不思罐奇遇里命飞刻机龙王何办二要注终马佳唱成龙飞前力知空舞步元味肢学毛左小本召飞飞意唱成下办百二存小亏飞毛前办知办道元筋不思羲不初桂军暴风第引志下办二之法扫恭喜七元试小友不忘初心往军机龙何家者爱味终村吃到很开知元衣不思藏末周人手何乙者轻物引下钉爱然扫本围大飞前办问题怎么中文元味小不思赣末月断流王何皇达家宿真爱爱然构推飞前飞元空在力公常会中声达何知个三人无小不思去亿刻机大七建友吐唯本宿个知大能防到办声道感毫大同于味之七逢太龙以二本毛唯家知乙在河题力声区筋毛无小亏权大于味上杜龙以唯乙水仁唯个大条子推家者野着那公及学盗知元个精美舞亏一声初召乙味上逢步杜龙唯二众仁毛拼音个类系托哇啡知乙元水声道左上办龙以唯乙本词葡着不图葡李广意一道缘光汉味无小存机龙于好龙以唯众仁我音嘟巷加识业军说有道毛无亏教司飞私命仁刻之女众拼猪图葡萄皮宿竹总改家七无小亏衣不思羲谭好左寸唯乙众广哗若刚来何时再见满天星强啊家意田吧放平吁衣不思忘糕军儿众上逢亏众左才国葡皮夺广位日无小亏机充米推老宿口赣奔广蜜
","28
",3391.639153,"19575
"
3037313,"pandownload方法更新！一个暗号解决了！
","下载方法更新口完成后鲁动关机觉果插件国默认此路径为格径下我究成后校验文件死有伊输任多时电题不休眠经制为杰速度航标设通万法手应用中心我感自动笑机里痛件财认业下敬路利力可以限通备热不快最大连接文件校验后校捡完室至住休既设置传输任务时电脑白定配定强利转为人提升显标指明有时上到几兆虽然个密令提速看图接近起几十的龟速尚可使用土漏手工加浦
","21
",2674.915116,"10054
"
3037317,"在家没事干系列[白眼]
","
","2
",1827.197744,"3949
"
3037318,"今日头条的神图这头发太飘逸了，原视频片段。
","国书欢迎新合伙人进群门书进群进群国
","15
",1771.323653,"1514
"
3037324,"小白之捉摸不透行为鉴赏#健身#
","听子乡动郎面市
","6
",1524.894012,"22010
"
3037326,"我起了一张q卡秒了，有什么好说的（伯爵礼装是死之艺术）
","攻击还剩名新安水麻校道处饰哪长诞迅制树精走剩条粉冰行动人难交大技击能量上升迅迅精走抵抗获得宝具连携加成二元诞迅加核冰二看人年调走迅精剩名州开杭无之阵有紧水阵石兵八阵宝具务级九能顺纱剩名州米港花烫服历吉碰免牌呀州口孩临口欢毒说议平第三迅击剩名州战结
","0
",2350.482129,"423
"
3037327,"哈～我来啦！！我上来打个报告，我没事啦，不要看到我没更视频就说我没了。我很抗揍的好不好～
","州上州州州址车司上州址
","1
",1259.546261,"46457
"
3037334,"#彩虹六号：围攻#雷没扔去还想跑？[tv_坏笑]来自Reddit u/420mu
","
","14
",2528.570866,"82179
"
3037339,"这个动作每天3分钟，去除双下巴，淡化颈部细纹，改善驼背#美背##纠正驼背#
","和等者秒发瑜仙天分钟航瘦十斤打学者价福天航德打等者十品价福天分的发瑜价每天躺瘦
","4
",2156.585528,"13217
"
3037343,"两小时不到就搞定了啊
","
","11
",2625.018712,"1719
"
3037344,"我为什么喜欢海风。因为它看起来人畜无害，发嗡嗡嗡的声音接近弟弟。不会让其有所警戒，然后瞬间取下弟弟2的狗头。
","发激温洲您的最佳纪录驾驶陆地载具在无碰撞情况下行驶最远距离活动结束姑激品洲狸五姑激品洲翼典摇洲当前尝试姑水
","9
",2290.825086,"666
"
3037345,"乔帮主在训练营那个远中投还不能投A+我看你打脸打的真疼@-220- 来不来这个评论区说说话?
","查看视频详情小时前回复鲍彻教接那你说训练场点一下就投为什么给没人防吧对话教授一个人都没有空位够大不前图啊刚刚拿乔丹试了也是一手我这个中投苗教技可那个呀前门行的机热码目让扭恼年一立正站好按绿这投篮条还有十心里有心里有数看起据留像传球时机略早质量小办
","9
",2501.852813,"402
"
3037346,"小田同学珍的很会[doge]
","市
","1
",1887.29972,"501
"
3037348,"家里溜达达就行了，非要去干啥啊
","
","11
",2435.864331,"463
"
3037350,"我在洗地中，干干净净等花开
","州
","6
",2051.57834,"1218
"
3037361,"在后院发现一只猫，忽然感觉咱俩特别有缘，于是把我没吃完的鸡爪喂给了它[tv_微笑][tv_微笑][tv_微笑]
","
","5
",1319.450889,"119536
"
3037373,"开始整活
","
","18
",2754.195474,"500
"
3037376,"啊啊啊up今天要去断头台了！啊啊啊背不来普罗了！啊救救我吧！要上专业课了你们好好玩我先撤一天！明天更白日...今天就不回信息了我亲爱的粉丝们！
","
","4
",674.0005699,"422
"
3037380,"第三话 #偶像大师##偶像大师灰姑娘##CGSS#
","新笛记器久巨锐处办式艺办艺代州快办八州丛州业房房州训小机学一主子新新州动业州人州人加州月司高湘海漫街虾房么部行动蘸创工义卜小喜多日菜子深川画十暗爱梨原田心动佐藤利奈勤西校查色彩数针美街监督平差知导味己谷口忽是万手水们色指定校直久夕沙才工心大朝子返周逸斗伊藤翔哉伊藤朱美握影制作括田中潜介特健僵了高沙麻里毛一岁目约声句亏切们公浪漫映像俱案部工宗伦夕曲作高湘虹作田泽曲歌久川画美莲佐己可三村沙您子智工演检场特殊劲果月晃里智弘高津智哥小圆僵代吉田莫由作画路督针美路督大和田彩乃小圈傻代向并雅己宫本香鼓菜直美三田酒色楼宣最谷小美穗才太田真琴本周篇道行逼影蓝雪市岛客太朗二义目夕二义一沙目回字包一丰中步吵分清水香梨子淹泽饺翻周野裕次郎评田侈平普亲动口字包柏谷智洁音菜冒本口比刀音亲力州义自回于分一绿音朗整普誓制又勿小岛信人柴田隆司中村明子客城萝乃音警刻果音智乐啤具夕二义一沙自原大翱田牧奎吾盛智脚本表凡昏哟司
","0
",2361.577291,"2929
"
3037381,"fish真的难用。。[tv_冷漠]
","址
","7
",1894.840178,"962
"
3037390,"[doge]发现迷之生物
","专喜
","22
",2927.738517,"5358
"
3037392,"【几何冲刺】T.O.E奖励关。
","口最完一市国兴手品鸭书啊
","3
",2786.941847,"529
"
3037397,"我来吊胃口[doge]
","深址比一书羊
","11
",2837.578619,"1825
"
3037407,"倒计时1天！！#华晨宇#第四张全新创作专辑《新世界NEW WORLD》歌单正式公开，共收录8首自作曲。*数字专辑将于2020/04/08 14:07 网易云音乐独家开启预售*专辑同名主打单曲《新世界》同步解锁#华晨宇 新世界#
","新世界华晨宇全创作专辑降临新专辅同名主打与火星的孩子对话疯人院好想爱这个世界啊七重人格斗牛神树致字网易云普乐开启预网螃宏音乐宏音牙宇全新世界新专辅却宏音牙潮世开数字预据舌玉当者贫人院开店
","7
",1605.624151,"31530
"
3037409,"#防弹少年团#【200407 推特更新】Seesaw guide 超好听[打call][打call][打call]
","百号已古号引八叫币百市西卡州百尼号百市百比号百尼号百六引百市址忆百足号可市机八亏口忙机百尼号记机百比西州叫机丙比面市机方记号
","6
",1688.111985,"5313
"
3037416,"飞鸟2A试听，Ondomusic购买立减1000，要知道飞鸟从来没有活动过…
","市动
","1
",803.735104,"590
"
3037423,"#王一博# #王一博智族GQ# 好久没见过啵叽染发了
","智族
","1
",1364.368248,"465
"
3037425,"更新可以慢！但是要够帅√动作Strange果        88UFO88        heir#原创##少女前线##3D##同人#
","
","0
",0,"1231
"
3037432,"以及如果以后还做动画流程不会再过mmd里面了，骨骼可以在c4d实现正常控制，虽然比队友总的变态mmm慢orz动作:Strange果
","上业
","4
",2704.279836,"751
"
3037433,"分享小视频
","红石放送钟表迷红石迷房如果你再敢盗视频攻击他人动我就举报拉黑市给爷爬
","2
",1862.272086,"373
"
3037436,"预告：土味来了！
","州州动
","42
",2228.295695,"43565
"
3037438,"今天练琴时候即兴练手的成果 假面骑士电王圣翼形态待机音降R、氦虺证筏啤#假面骑士##假面骑士电王##钢琴##即兴演奏##全民音乐UP主#
","鸭啊学鸭
","11
",944.8844198,"1894
"
3037439,"带着私心截了10s来[tv_doge]因为是付费部分所以改成了黑屏(草结果改成黑屏后更带感了，完整版请入会观看～你辉这个我想起来爱美，未来当嘉宾的那期咖啡厅[tv_doge][tv_doge]也因为是付费所以没有打tag已经投稿成视频(
","
","17
",1508.370933,"759
"
3037450,"嗯？胡桃都说了些什么？这是在说京话还是在说rap，怎么都糊在了一起呢各位会说京话的小伙伴们，快来参加教胡桃说方言活动，救救胡桃吧~#七濑胡桃#
","胡林学京话胡桃桃战是不桃战学习中国方言元最商朋复最商朋复大家蚂商店们最店尖果儿敢香脚商尖桃于真甜我喜欢好谁说的太慢了最言力云最言我林回我儿什么吗会朋衣们快来救救胡这样才能早目变成瓷挖摇吵一厉客人学串会胡排小乡独独烟人
","0
",1570.504649,"666
"
3037455,"伤害判定在尾巴尖，可以这么登
","书辛
","1
",2809.810703,"1153
"
3037456,"“跳楼哥” Jaws 每天最困惑的两件事也许就是 “寻找大落差” 和 “爬上大落差” 吧，相比前者后者可能更让他头疼[捂脸]
","黑
","1
",1366.954031,"1820
"
3037461,"最近很火的梗
","章
","8
",2149.398844,"228347
"
3037463,"有#九辫儿#nlm钦点的“成熟点”来啦[捂眼][捂眼][doge]
","晚中毛团
","5
",2447.876,"488
"
3037469,"你好( ^_^)／（明天发[呲牙][呲牙][呲牙]）
","国立辛祟国共茶国老禁禁家
","3
",2506.821058,"1777
"
3037486,"那啥，让大家久等了，不好意思[tv_委屈]全新制作！后天更新！敬请期待[OK]
","厂手厂手主学
","8
",1304.827438,"90858
"
3037488,"首页上看到@菜菜爱吃甜菜 的教程，想了一下怎么用pr做长阴影，提供一种思路（我做的不精细，主要看思路就行）不过能用ae还是用ae，电脑实在带不动ae可以考虑一下这种方法~
","用户视频教程编剪书门辛音频剪台器序预览太卡了就拖进度条在这里输入你要搜索的内容事事事物手门辛剪辑合器序初频教程书子台器序混合器序机频物书子剪合编剪湿台手门辛器序投影加在字上辛剪台器市中间这层颜色遮翠来影子吸下色址合器好纯沾影了吸书音剪子子台器市咖身辛器市逃翠胜开上半部分轮席让子显路辛台辛台器市画得好丑不过这个意思书手辛台音台视新给股彬方问喊模拟光从一侧到另一侧动态过餐股彬方间喊子子过程市要阴影层打嵌食不然边们定似会看不到效果如果里遇到卡顿显示不伞等情说请尝试方能方嵌套子音旅货不个文单击密白外井拖动以搜素辛合器边角最后就是调整定位参数影配合刚刚方向动起来我没有调完领会定好市个匙议先改下面内个浴市改个是坐标后一果可以川来盟服等一系列叹个加是位东西比如找到一个看电视空镜电视放这样会比单纯缩小裁剪自然多后个叹四个加排放内答三除此之外还迹应用把屏慕拉到视平线根感情况调器股来说首女中问界处闪糊弄过去天多数都市根调路般毗中呵果处四调器般问来三处人市处贫分结果能用还是吧选择脚本或中继器很简单转人编辑
","2
",2801.237759,"516
"
3037494,"被迫换机，真有你的，苹果希望坚持久一点[笑]
","房看书州子书子
","8
",2248.399239,"34691
"
3037498,"现在模组真发达，一下子解决了困扰我几年的问题
","啊啊啊啊一豆
","0
",2962.31557,"1092
"
3037503,"整首的话就有缘再改吧(动态小视频画质真滴好差
","口广手手吉一手学学手手
","3
",2156.801737,"1061
"
3037506,"分享小视频
","上州
","7
",2627.225559,"687
"
3037513,"一不小心又被老王撩到了（扭到心坎里[星星眼]cr：logo#GOT7##王嘉尔#
","王包王室厂子子小室叮洋千王全指听寸手即方室址室市王上州州室王州市
","22
",1412.022621,"655
"
3037517,"指路@花家冰糖 ，关注列表全是小姐姐还有小哥哥[偷笑][偷笑][偷笑][偷笑]咱家糖糖的排面必须到位
","雪跃笼直我池直房然就头刻漂击头侧锅多师歌艺芳房用跳张制泳长爱光
","3
",1242.101235,"1425
"
3037519,"今天去街拍啦
","
","15
",2463.206465,"490
"
3038871,"咬字不清
","八七驰世名果飞石主飞入七驰世名果入乙石主飞入乙石主飞乙石主飞
","45
",1852.744682,"4503
"
3038872,"#海外抗疫日记#美利坚传统艺能，MAGA
","什
","13
",2017.700257,"245
"
3038873,"[吃瓜]
","丹哈排店站是青烫价子地图海当圈中居鹰翼莉娅有玛莎拉蒂拉我没有麦岳开始游站香瓷口切换模式经典到海当来自好友图中图不给钱就送邀请您组队超级王牌不好意思现在方便分钟内忽略该玩家邀训认定秦雪贤卜招养酒息楼式海岛新三零排店烫门梭式去海圈中图牌陈皮的招荐消息沙港取金站加人队伍成功入海当图中图超圾王限王站青瓷技就沙漠零人联五豆城和理雪中屋菜三国有连
","19
",2869.790599,"114
"
3038874,"#Apink#《LOOK》音源试听预告
","甚唱三型会着狸甚吗三型姜唱三型卷三汇三汇三路缘缘它刚小三机城路厅路路路
","10
",2722.77321,"10657
"
3038875,"如果我死了的话最好是死在你旁边
","七视点七川一手学川
","67
",2753.503304,"658
"
3038876,"真的对这软件无语了，替代品差的不是一点点。（不过还是准备做个视频，仅此而已了）
","半淮入渡成资源版本洼入啊可以在主屏置按纽切换率火番必螺导惠盛啡粉顺歌上避敲加截中下载退程不消耗流量按慎率不鲁到楼能和量有额外要求避敲加等级分第七香季提际距鞋赛季结束退有天位塌本蹈已糖得勾王您遏有未完成的封局哦现在道去看看吧好友塌云一创影悉三酱东量马置提际歌可器电道连遭有时局咀造去一城率火蚕必螺导香盛啡粉配中重战次重中重次断辣重速中重试次拭次次断辣中重拭次雀力再高也怕断么婴器一番摆倒啊雀力场进敲加子赛学提示部器迎已量可公王退吼查零提际手烤束遇有天设位逼一献联恶三成对子香零段位塌本配日墙香勿王是否退避战建编三餐捷得友人房燕法成就挑鞋任膀通程断
","0
",0,"100
"
3038877,"围观划水吸血鬼
","翻业斤们手手鸟后锁行
","14
",2282.594948,"626
"
3038878,"下一句是？[tv_doge][tv_doge][tv_doge]
","特静
","15
",2482.529882,"311
"
3038880,"悬浮机底盘制作完成，准备找素材开始蒙皮
","市市市市最
","0
",2424.540901,"9
"
3038881,"想被鼓励一下。
","
","5
",1942.286417,"11
"
3038882,"诶我就不明白了我什么时候开挂了qwq不就买了几个两星铭文吗呜呜呜呜……他说我上b站了，各位盆友帮我康一下他在哪qwq
","当前地图海底世界剩余等待网络情记起床战争群返回主城歌一和印一小猫脑一刀很爽吧云子小喵瘤我可是用那铭文曾经秒过的本训两川很卖醉价这小号呀盟期入吗己这个把一个打退了艾玛你还是打不过披小猫猫装备还力量药水厨道刚刚没有下工少厦世刀就完大号啊而且只打技一期辆一下疼不疼桌击敷红醉尘记雅门风紫品海盐用超紧嘟叫说起价面而回头厂非虎人医一嘴爬滴血好像里些三到纳尼时糟别吓达心脏病被来小猫煎恒世之业批买五行投有用聊一猫屋甘三品抽四下步装国风紫晶用道细鸣叭怎都行去厅以有疯好佩屡二餐卧增别找破能买纹用干蝴青鹰世当别离开游戏发生什么您已冬红推贵会骑品不要啦日风一颗伦一豆一全是风不是哇好开心下胡工市死道升平柳大和市一立佩异开面绿票卧槽别厦世当灭雅阁榨开题床已经推毁握工补红醉尘雅风全是好开儿绿草怎么知道棠击败好友系统触手恋城昀今晚必聊天命令雅风灭爱生口红醉尘风全工部绿棠顶态城呦必死绿崇为什么摔伤巴不得我死棠堂击购炎魔世当数火离十了门果忙品会表忙品绿恋城上线红尘雅风棠醉红醉尘棠所普风棠雅风雅风好红醉尘风绿常淘汰变身为观察者尊敬崇本局结算银币组队加成最终获得点银市拨光红醉尘雅尘风绿草当经典参与场捞菜红峰尘雅风棠风红醉桌草敬塔西费绵训姐云猫呕长解经验上厚名玩家实力证明日红入区一更柴上站找到配置由自动为欢迎来到人情沉王城
","0
",0,"12
"
3038883,"因为航班延误呸呸改成了明天早上走，准备睡觉发现三只都不见了，一看居然都在笼子里，当时没有反应过来，是不是在送别呸呸啊
","甜上讯说上计动
","6
",2211.684353,"13302
"
3038884,"Ohhhhhhhhh！！！！
","距发售日还有小时分钟不有秒击童日还南发南日
","0
",3517.286658,"2083
"
3038886,"没想到吧！我没更文我来了一个vlog哦！第一次搞这玩意儿！老人家也搞不明白！害！我们27号开学，你们开学了吗？#VLOG日常##开学##开学大作战##开学了#
","热号热号热野法海泽药儿话海洋的儿不是你要把螺丝刀拧丑欢讲然后那个卡片取下来吗男热野四热野
","2
",1437.888742,"87
"
3038887,"MA底盘 大红银
","市址
","38
",3790.501809,"13
"
3038888,"这是什么bug选花木兰就玩不了@王者荣耀
","为行德力的英雄能够让你目脸更加欣利有治疗能力能汤作目路取利给美雄顺利数据资源损坏您需要重启游戏客户端进行书旗小说王者营地穿越火线中国联通捷手机营业厅腾讯天卖工作餐群大主工作整粉里加载完毕祝您游建愉快信王君荣雁区风垂巨剑开贻胎戏荣耀风程巨创开贻月拍肤左才排量女地必小精似友才桃些大地防外招队友撒垂文比小招比公数病坏超游贱各户端导越伦主者专最别人感叹人生苦短每次都是华元秒亲个黄钻机礼物已为你备好漫画叫盛焦点林林盛意可以任何人谁奸群主不斩尘战队群钻石段位好迷新签名情绪总是喝闻涌来动态发表了说书荒交流主群到国印郎风流有位好友生日裸奔毛毛虫消意旗连测制重物有文件名幸白命中缺看点日报提醒邮五优客酒槽忧
","0
",1233.328761,"6
"
3038889,"半分钟教你男声变女声
","项目解密公司预告片服务器音频效果雨花石独唱版控件最真实男生宿台独叫高换档器自定义设置各个参数小男生实仍宿会宿合音高真辑编辑器口使用相应的默认设量中等精度雨花瓦服剪辑威客说班唱雨编相器和花不胜咨高器音烦实矩欢军精鹰花石纯唱育纯辅拼接频车口不独喝版当高器营频辑改果编铺频率默认设置
","0
",1797.404543,"12945
"
3038890,"今天晚上没有直播，录了一段自己很喜欢的歌《空》。若觉得唱的不好，还请多多包容～
","
","22
",1747.50807,"20
"
3038891,"淡黄的长裙，蓬松的头发？
","恒丁岛津光子值刀值丁长米工副津去开春回上星艺上量
","10
",2330.177095,"9
"
3038892,"好吃的了闭眼睛#萌宠#
","开
","1
",2693.454127,"337
"
3038893,"立志把自己的衣服铺满整个海滩
","州
","25
",2535.594441,"31
"
3038894,"清真古寺
","小州月机红我们爱病动爱范址
","0
",1535.823326,"3
"
3038895,"半 条 命（？
","址子人一书人
","31
",3257.152508,"1595
"
3038897,"[吃瓜][吃瓜][吃瓜]
","
","6
",1750.411015,"154
"
3038898,"搬新家以后食欲反而变好了。可能是这个环境比人渣盒的环境更让他放松？
","址阳的油州油址址
","0
",2712.260499,"1313
"
3038900,"当你朋友用火烧蜘蛛时[doge]
","
","1
",1829.262078,"266
"
3038901,"别说了武当渣男牛逼
","梦啊生梦家房梦料队甸白屿我都没有队伍美难蘑梦料梦州受叫书到静军青价香上地餐没推乎落干要视一梦门子师兄快点喝不下了理心第第风的禁力接骨快一点服伍沈糯结义君无兮永远爱暗街梦壤名称
","0
",1563.892015,"20
"
3038903,"随手做了个蓝牙音箱，没想到这么丑。。。
","阿馆蓝牙和其他设备主子共业州业
","1
",997.8599002,"55
"
3038904,"我终于也会葵花接八稚女了[吃瓜]
","西影品巧影美
","10
",2837.153902,"30
"
3038905,"其实翻译君这里已经晚上八点半了
","州新
","1
",1405.318178,"131
"
3038906,"#碧蓝幻想#
","凝配巫防防默力政学力网攻早州小汽员能网攻学限酒品饮网夜收得比得皱验值
","9
",2737.652237,"698
"
3038907,"[tv_晕]想做一首副歌是dubstep drop感觉的歌，然后学插件装插件东捣鼓西捣鼓了好久，这几天耳朵都要瞎了（？）。
","中国移动经空上午录动最
","3
",2645.876641,"141
"
3038908,"每个画漫画的都会经历到的家常便饭[呆]
","油油
","18
",3631.63783,"29
"
3038909,"你知道我有多想你吗
","
","13
",3823.733904,"532
"
3038910,"你知道吗？
","
","5
",1678.224401,"456
"
3038911,"真的知道吗？
","市址市
","2
",2455.768203,"744
"
3038913,"solo/ 编舞 by myselfdo not own any copy of the music
","
","5
",2445.719974,"25
"
3038914,"翻了翻之前的视频，发现好多坑没填[tv_白眼]毕竟坑这种东西就是用来弃的嘛.jpg
","州州州州州州油
","13
",1344.15829,"42
"
3038916,"F150开之后才发现有完爆轿车的平顺，静谧性，就是转向虚位大的吓人[妙啊]
","真香真香址三
","0
",652.5437362,"13
"
3038917,"what？你又来送马了嘛
","组织樱花条试炼之助进加群记得签至新的冒险等待着你小那火影办公室有效期天小时进以下是您在忍法帖特惠活动中未领取金蒂待键删除一键提取附件三表乐外费充位特鸡风特良一美鲁蟹得馨交烤肉同周纤礼专补领太生临一乐外卖购买后额外送礼和蛋充值丁次周周好礼前往时间月日点每周首次分享得见法帕银国秘藏级可课头像柜年月日点
","17
",2814.093592,"12
"
3038918,"看看这个 没有不笑的人吧 哈哈これみて 笑わない人はいないでしょ笑笑
","才口一中寸寸妙了打寸寸羡省飞爆笑理尾奥配包待慢兜盟也日福老具窗衣大吉安倍晋三安倍楼是我云机认飞笑力本奶水试本飞乐笑笑口才小沙十儿果新型口儿又仁圈寸召最新情鞭过各自治体人方周合扫尤去粉寸寸时寸寸动异儿海笑全国小中高遇明渡部姻真民末七最高办乙古小之口七于久卜西心休校新己机办不和必大以谷下匕本手志才沙于儿菜曲口力千儿亿圈寸情鞭社八为步寸寸的二机身农人味源小中高遇明渡部真保亏制中办乙古上巴杨口七子街八休校新己不笑力你以人陆心友儿上十儿桌曲口千儿汇圈寸情鞭味八方寸寸幼才口村寸寸幼二九晃乙笑扫牌腹部绸真办乙七商无云卜谷西八休必太味心飞上文汇朗寸情鞭法持寸寸妙学古寸寸幼甲爆哭渡部源直子串岛苏八林校话己谷上沙十儿口口力勺儿乙忙圈寸否情鞭体理尾具都待视兜里口目摆老奥窗本古能我匹飞笑以众钵右以下匕大某曲口方千儿忙圈寸情法扫龙去寸寸幼上水口时礼晃乙儿安悟面相办表明明渡部真民亏制已口打必人陆以本士口十儿方千儿水盖省真保亏七疑办口飞百上亏己苏厂于吴八体校新乙机办不笑扫凉必太陆度团扫寸寸寸亨幼二机馄乐证部最香动力容必人付心办小沙儿儿比情达入方
","19
",2758.919372,"215
"
3038919,"等过审的期间又翻到一个旧视频[哈欠]反正不会再接着做了，不如都放来
","心口汇厂黄店汇司口
","10
",3614.238121,"50
"
3038920,"感觉还行
","
","10
",1651.58446,"707
"
3038921,"考虑入新卡重组后继续退坑……4月新规后……真的贼恐怖………
","专眼混沌极龙青眼形态降临这张卡不会成为对方的效果对象被破坏这张卡向守备表示怪鲁攻击场合攻击力超过那个力数值倍极龙怪鲁仪式龙暗虹都部张卡向怪兽战妓果昆沌智量一根一网场台一尺玫击花暗极龙来网电品场会对四好双果龙晒送玫击力多三名回合只能使用次只要在魔法与陷阱区域存在通常召唤外加上只有自己主要阶段可以外场上墓地魔偶甜卡因回到手卡卡组发动爱偶甜点沙龙张厦偶卡盖放魔偶名质法次上耐购蚤王包目腔翻烈明要已县光组的场含从卡组选爱偶张偶这个卡名蔓地从卡组选次旦时姐蚕手己目欢到导回凿号斗心章厕法以咖足燃型丑时奶叠王包目召晚夏地腰张魔偶隆偶甜选题盖放督司组选厦
","0
",0,"42
"
3038922,"分享小视频
","剪映抖音
","8
",2101.369072,"13
"
3038924,"一棵开花的树 [么么哒][么么哒]#缠花发簪##汉服配饰#
","油
","6
",1074.964185,"33
"
3038925,"四月飞雪可还行
","州州
","0
",2320.070946,"33
"
